n__informe;dg;cups;nis;fecha_inicio_anomalia;fecha_fin_anomalia;tipo_anomalia;irregularidades_detectadas;clasificacion;estado;energia_facturada;valoracion_total;num_factura_atr;num_ooss;fec_estado;fec_alta;num_factura_levantamiento;fechainiciofacturaemitida;fechafinfacturaemitida;tarifa;metodo_estimacion;estado_suministro;motivonofacturable;fec_acta;dias_liquidables;liquidable;energia_liquidable;codigo_comercializadora;nombre_comercializadora;filepath;data_date;op
1;0;ES0022000000000000AA1P;6067503;25/11/2024 0:00;25/04/2025 0:00;FRAUDE;POR DETRÁS DE MÓDULO LÍNEA MONOFÁSICA F+N PINCHADA ANTES DE CONTADOR Y VA A INSTALACIÓN (DOBLE DERIVACIÓN INDIVIDUAL). CORREGIMOS CONEXIONES, ABRIMOS ACTA DE ANOMALÍA, APORTAMOS FOTOS Y LECTURAS ACTUALES ;Conexión en acometida;FACTURADO;4168;4168;I325000006113;113035636;30/04/2025 0:00;28/04/2025 0:00;;25/11/2024 0:00;25/04/2025 0:00;2.0 TD;VALORACIÓN POR ART. 87;ACTIVO;;25/04/2025 0:00;151;100.0;4168;1646;NATURGY CLIENTES, S.A.U;s3://naturgy-dlakeufd-pro/landing/IRREGULARIDADES_FRAUDES/Expedientes/Expedientes_FULL_20250721.csv;1753056000;I
2;;ES0022000000000000AA1P;8965131;20/09/2023 0:00;06/11/2023 0:00;IRREGULARIDAD;bornes quemados;Contador averiado;FACTURADO;13025;13025;I823000004203;109790425;07/11/2023 0:00;06/11/2023 0:00;;20/09/2023 0:00;06/11/2023 0:00;3.0 TD;HORAS DE UTILIZACIÓN;ACTIVO;;06/11/2023 0:00;47;100.0;13025;918;ALDRO ENERGIA Y SOLUCIONES, S.L.U.;s3://naturgy-dlakeufd-pro/landing/IRREGULARIDADES_FRAUDES/Expedientes/Expedientes_FULL_20250721.csv;1753056000;I
3;;ES0022000000000000AA1P;8724982;19/05/2025 0:00;26/06/2025 0:00;IRREGULARIDAD;Contador averiado ;Contador averiado;FACTURADO;262;262;I825000003916;113250350;02/07/2025 0:00;26/06/2025 0:00;;19/05/2025 0:00;26/06/2025 0:00;2.0 TD;HORAS DE UTILIZACIÓN;ACTIVO;;26/06/2025 0:00;38;100.0;262;688;COMERCIALIZADORA REGULADA, GAS & POWER, S.A.;s3://naturgy-dlakeufd-pro/landing/IRREGULARIDADES_FRAUDES/Expedientes/Expedientes_FULL_20250721.csv;1753056000;I
4;0;ES0022000000000000BH1P;4808682;18/04/2024 0:00;29/07/2024 0:00;FRAUDE;Contador con precinto de compañía manipulado, y puente shunt entre fase de entrada y salida, se retira puente y corrige fraude ;Puente entrada-salida en la misma fase (shunt);FACTURADO;1797;2111;I824000003088;111442823;02/08/2024 0:00;31/07/2024 0:00;;18/04/2024 0:00;29/07/2024 0:00;2.0 TD;VALORACIÓN POR ART. 87;ACTIVO;;29/07/2024 0:00;102;100.0;1797;636;ENERGIA XXI COMERCIALIZADORA DE REFERENCIA S.L.U ;s3://naturgy-dlakeufd-pro/landing/IRREGULARIDADES_FRAUDES/Expedientes/Expedientes_FULL_20250721.csv;1753056000;I
5;1;ES0022000000000000FX1P;4768867;30/07/2023 0:00;17/04/2024 0:00;FRAUDE;Contador con precinto de compañía manipulado, y puente shunt entre fase de entrada y salida, se retira puente y corrige fraude ;Puente entrada-salida en la misma fase (shunt);FACTURADO;3939;5423;I824000003130;111442823;06/08/2024 0:00;31/07/2024 0:00;;30/07/2023 0:00;17/04/2024 0:00;2.0 TD;VALORACIÓN POR ART. 87;ACTIVO;;29/07/2024 0:00;107;40.0;1576;91;ENDESA ENERGÍA, S.A.;s3://naturgy-dlakeufd-pro/landing/IRREGULARIDADES_FRAUDES/Expedientes/Expedientes_FULL_20250721.csv;1753056000;I
6;1;ES0022000000000000FX1P;6126037;25/04/2024 0:00;24/11/2024 0:00;FRAUDE;POR DETRÁS DE MÓDULO LÍNEA MONOFÁSICA F+N PINCHADA ANTES DE CONTADOR Y VA A INSTALACIÓN (DOBLE DERIVACIÓN INDIVIDUAL). CORREGIMOS CONEXIONES, ABRIMOS ACTA DE ANOMALÍA, APORTAMOS FOTOS Y LECTURAS ACTUALES ;Conexión en acometida;FACTURADO;5878;5879;I325000003551;113035636;30/04/2025 0:00;29/04/2025 0:00;;25/04/2024 0:00;24/11/2024 0:00;2.0 TD;VALORACIÓN POR ART. 87;ACTIVO;;25/04/2025 0:00;84;39.0;2292;389;NATURGY IBERIA, S.A.;s3://naturgy-dlakeufd-pro/landing/IRREGULARIDADES_FRAUDES/Expedientes/Expedientes_FULL_20250721.csv;1753056000;I
7;;ES0022000000000000FX1P;8990326;20/10/2022 0:00;19/09/2023 0:00;IRREGULARIDAD;contador quemado ;Contador averiado;FACTURADO;92557;92558;I823000003793;109581486;03/10/2023 0:00;02/10/2023 0:00;;20/10/2022 0:00;19/09/2023 0:00;3.0 TD;HORAS DE UTILIZACIÓN;ACTIVO;;19/09/2023 0:00;202;60.0;55534;918;ALDRO ENERGIA Y SOLUCIONES, S.L.U.;s3://naturgy-dlakeufd-pro/landing/IRREGULARIDADES_FRAUDES/Expedientes/Expedientes_FULL_20250721.csv;1753056000;I
8;0;ES0022000000000000FX1P;7174804;09/02/2022 0:00;08/08/2022 0:00;FRAUDE;equipo puenteado en fase ;Puente entrada-salida en la misma fase (shunt);FACTURADO;3016;3727;I822000002208;106006207;02/09/2022 0:00;09/08/2022 0:00;;09/02/2022 0:00;08/08/2022 0:00;2.0 TD;VALORACIÓN POR ART. 87;ACTIVO;;08/08/2022 0:00;180;100.0;3016;91;ENDESA ENERGÍA, S.A.;s3://naturgy-dlakeufd-pro/landing/IRREGULARIDADES_FRAUDES/Expedientes/Expedientes_FULL_20250721.csv;1753056000;I
9;1;ES0022000000000000FX1P;7994871;08/08/2021 0:00;08/02/2022 0:00;FRAUDE;equipo puenteado en fase ;Puente entrada-salida en la misma fase (shunt);FACTURADO;2308;3809;I822000002079;106006207;11/08/2022 0:00;10/08/2022 0:00;;08/08/2021 0:00;08/02/2022 0:00;2.0 TD;VALORACIÓN POR ART. 87;ACTIVO;;08/08/2022 0:00;38;20.0;462;688;COMERCIALIZADORA REGULADA, GAS & POWER, S.A.;s3://naturgy-dlakeufd-pro/landing/IRREGULARIDADES_FRAUDES/Expedientes/Expedientes_FULL_20250721.csv;1753056000;I
10;;ES0022000000000000FX1P;5646338;23/08/2020 0:00;25/08/2020 0:00;IRREGULARIDAD;equipo averiado, conexión fase quemada;Contador averiado;NO FACTURABLE;43;43;;102963143;27/08/2020 0:00;27/08/2020 0:00;;23/08/2020 0:00;25/08/2020 0:00;2.0 DHA;HORAS DE UTILIZACIÓN;ACTIVO;Consumo inferior al mínimo valorado;25/08/2020 0:00;;;;927;IBERDROLA CLIENTES, S.A.U;s3://naturgy-dlakeufd-pro/landing/IRREGULARIDADES_FRAUDES/Expedientes/Expedientes_FULL_20250721.csv;1753056000;I
11;;ES0022000000000000FX1P;8784003;28/04/2021 0:00;28/04/2022 0:00;FRAUDE;enganche directo, sin contrato, dando servicio a casa colindante.;Corriente directa sin contrato (sin contador);NO FACTURABLE;;12593;;105510955;28/04/2022 0:00;28/04/2022 0:00;;;;;VALORACIÓN POR ART. 87;EN BAJA;Sin contrato;28/04/2022 0:00;;;;;;s3://naturgy-dlakeufd-pro/landing/IRREGULARIDADES_FRAUDES/Expedientes/Expedientes_FULL_20250721.csv;1753056000;I
12;;ES0022000000000000FX1P;8034075;31/08/2022 0:00;28/09/2022 0:00;IRREGULARIDAD;suministro con contrato con equipo de medida trifásico quemado debido a incendio en la instalación eléctrica.I pinza L1: 0AI pinza L2: 7,7AI pinza L3: 0ASe coloca equipo y se precinta. ;Contador averiado;FACTURADO EN CICLO;755;755;;106389740;17/10/2022 0:00;28/09/2022 0:00;187859251;;;3.0 TD;;ACTIVO;;28/09/2022 0:00;28;100.0;755;918;ALDRO ENERGIA Y SOLUCIONES, S.L.U.;s3://naturgy-dlakeufd-pro/landing/IRREGULARIDADES_FRAUDES/Expedientes/Expedientes_FULL_20250721.csv;1753056000;I
13;;ES0022000000000000FX1P;7646112;17/01/2020 0:00;24/02/2020 0:00;FRAUDE;suministro con contrato con doble acometida una de ellas sin pasar por el contador.I:0,66ASe realiza corte de la derivación ilegal. ;Conexión en acometida;FACTURADO;1049;1049;I820000000563;102519253;11/03/2020 0:00;24/02/2020 0:00;;17/01/2020 0:00;24/02/2020 0:00;2.0 A;VALORACIÓN POR ART. 87;ACTIVO;;24/02/2020 0:00;38;100.0;1049;389;NATURGY IBERIA, S.A.;s3://naturgy-dlakeufd-pro/landing/IRREGULARIDADES_FRAUDES/Expedientes/Expedientes_FULL_20250721.csv;1753056000;I
14;;ES0022000000000000FX1P;8779054;19/03/2024 0:00;19/03/2025 0:00;FRAUDE;Equipo de medida manipulado.  Placas solares,  lectura 0.28.0 = 19332;Equipo de medida manipulado;FACTURADO;29855;29855;I825000001698;112814268;26/03/2025 0:00;20/03/2025 0:00;;19/03/2024 0:00;19/03/2025 0:00;2.0 TD;COEF. SOBRE CONSUMO DEL PERIODO;ACTIVO;;19/03/2025 0:00;230;63.0;18809;756;HOLALUZ-CLIDOM S.A.;s3://naturgy-dlakeufd-pro/landing/IRREGULARIDADES_FRAUDES/Expedientes/Expedientes_FULL_20250721.csv;1753056000;I
15;0;ES0022000000000000FX1P;8947142;23/02/2022 0:00;08/03/2022 0:00;IRREGULARIDAD;contador no registra consumo ;Error de medida;FACTURADO EN CICLO;6;6;;105211769;09/03/2022 0:00;08/03/2022 0:00;J822001489068;;;2.0 TD;;ACTIVO;;08/03/2022 0:00;13;100.0;6;389;NATURGY IBERIA, S.A.;s3://naturgy-dlakeufd-pro/landing/IRREGULARIDADES_FRAUDES/Expedientes/Expedientes_FULL_20250721.csv;1753056000;I
16;0;ES0022000000000000FX1P;6649325;17/03/2022 0:00;25/04/2022 0:00;FRAUDE;conexión directa sin equipo ;Contador anulado;FACTURADO;808;807;I822000001619;105332640;22/06/2022 0:00;25/04/2022 0:00;;17/03/2022 0:00;25/04/2022 0:00;2.0 TD;HORAS DE UTILIZACIÓN;ACTIVO;;25/04/2022 0:00;39;100.0;808;389;NATURGY IBERIA, S.A.;s3://naturgy-dlakeufd-pro/landing/IRREGULARIDADES_FRAUDES/Expedientes/Expedientes_FULL_20250721.csv;1753056000;I
17;1;ES0022000000000000FX1P;6553322;01/06/2021 0:00;16/03/2022 0:00;FRAUDE;conexión directa sin equipo ;Contador anulado;FACTURADO;5379;5671;I822000001110;105332640;27/04/2022 0:00;26/04/2022 0:00;;01/06/2021 0:00;16/03/2022 0:00;2.0 TD;HORAS DE UTILIZACIÓN;ACTIVO;;25/04/2022 0:00;196;68.0;3658;389;NATURGY IBERIA, S.A.;s3://naturgy-dlakeufd-pro/landing/IRREGULARIDADES_FRAUDES/Expedientes/Expedientes_FULL_20250721.csv;1753056000;I
18;;ES0022000000000000FX1P;4685097;22/02/2024 0:00;21/02/2025 0:00;FRAUDE;Contador con puente shunt detrás de panel . Han conectado fase de salida con fase de entrada mediante un trozo de hilo y clemas.  Se retira puente y corrige fraude ;Puente entrada-salida en la misma fase (shunt);FACTURADO;12346;12593;I825000001463;112563672;18/03/2025 0:00;24/02/2025 0:00;;22/02/2024 0:00;21/02/2025 0:00;2.0 TD;VALORACIÓN POR ART. 87;ACTIVO;;21/02/2025 0:00;204;55.0;6790;918;ALDRO ENERGIA Y SOLUCIONES, S.L.U.;s3://naturgy-dlakeufd-pro/landing/IRREGULARIDADES_FRAUDES/Expedientes/Expedientes_FULL_20250721.csv;1753056000;I
19;0;ES0022000000000000FX1P;7278177;11/11/2022 0:00;12/06/2023 0:00;FRAUDE;puentes shunt entre entrada y salida de fase y neutro ;Puente entrada-salida en la misma fase (shunt);FACTURADO;3736;4409;I823000003099;108975108;18/07/2023 0:00;12/06/2023 0:00;;11/11/2022 0:00;12/06/2023 0:00;2.0 TD;VALORACIÓN POR ART. 87;ACTIVO;;12/06/2023 0:00;193;90.0;3362;1022;GAOLANIA SERVICIOS S.L.;s3://naturgy-dlakeufd-pro/landing/IRREGULARIDADES_FRAUDES/Expedientes/Expedientes_FULL_20250721.csv;1753056000;I
20;2;ES0022000000000000FX1P;7073030;22/09/2022 0:00;09/11/2022 0:00;FRAUDE;puentes shunt entre entrada y salida de fase y neutro ;Puente entrada-salida en la misma fase (shunt);FACTURADO;665;993;I823000002750;108975108;20/06/2023 0:00;15/06/2023 0:00;;22/09/2022 0:00;09/11/2022 0:00;2.0 TD;VALORACIÓN POR ART. 87;ACTIVO;;12/06/2023 0:00;8;16.0;106;1022;GAOLANIA SERVICIOS S.L.;s3://naturgy-dlakeufd-pro/landing/IRREGULARIDADES_FRAUDES/Expedientes/Expedientes_FULL_20250721.csv;1753056000;I
21;3;ES0022000000000000FX1P;6424783;29/07/2022 0:00;21/09/2022 0:00;FRAUDE;puentes shunt entre entrada y salida de fase y neutro ;Puente entrada-salida en la misma fase (shunt);FACTURADO;507;1117;I823000002719;108975108;16/06/2023 0:00;15/06/2023 0:00;;29/07/2022 0:00;21/09/2022 0:00;2.0 TD;VALORACIÓN POR ART. 87;ACTIVO;;12/06/2023 0:00;0;0.0;0;927;IBERDROLA CLIENTES, S.A.U;s3://naturgy-dlakeufd-pro/landing/IRREGULARIDADES_FRAUDES/Expedientes/Expedientes_FULL_20250721.csv;1753056000;I
22;0;ES0022000000000000FX1P;6615612;24/04/2025 0:00;21/05/2025 0:00;FRAUDE;Contador sin precinto de compañía, han manipulado el equipo para que no funcione correctamente, se sustituye contador y queda funcionando correctamente ;Equipo de medida manipulado;FACTURADO;1106;1134;I825000003562;113095232;18/06/2025 0:00;22/05/2025 0:00;;24/04/2025 0:00;21/05/2025 0:00;2.0 TD;VALORACIÓN POR ART. 87;ACTIVO;;21/05/2025 0:00;27;100.0;1106;91;ENDESA ENERGÍA, S.A.;s3://naturgy-dlakeufd-pro/landing/IRREGULARIDADES_FRAUDES/Expedientes/Expedientes_FULL_20250721.csv;1753056000;I
23;1;ES0022000000000000FX1P;7847272;11/04/2025 0:00;23/04/2025 0:00;FRAUDE;Contador sin precinto de compañía, han manipulado el equipo para que no funcione correctamente, se sustituye contador y queda funcionando correctamente ;Equipo de medida manipulado;FACTURADO;478;504;I825000003560;113095232;18/06/2025 0:00;02/06/2025 0:00;;11/04/2025 0:00;23/04/2025 0:00;2.0 TD;VALORACIÓN POR ART. 87;ACTIVO;;21/05/2025 0:00;12;100.0;478;927;IBERDROLA CLIENTES, S.A.U;s3://naturgy-dlakeufd-pro/landing/IRREGULARIDADES_FRAUDES/Expedientes/Expedientes_FULL_20250721.csv;1753056000;I
24;2;ES0022000000000000FX1P;7261081;04/04/2025 0:00;10/04/2025 0:00;FRAUDE;Contador sin precinto de compañía, han manipulado el equipo para que no funcione correctamente, se sustituye contador y queda funcionando correctamente ;Equipo de medida manipulado;FACTURADO;242;252;I825000003748;113095232;25/06/2025 0:00;02/06/2025 0:00;;04/04/2025 0:00;10/04/2025 0:00;2.0 TD;VALORACIÓN POR ART. 87;ACTIVO;;21/05/2025 0:00;6;100.0;242;927;IBERDROLA CLIENTES, S.A.U;s3://naturgy-dlakeufd-pro/landing/IRREGULARIDADES_FRAUDES/Expedientes/Expedientes_FULL_20250721.csv;1753056000;I
25;3;ES0022000000000000FX1P;5263686;21/05/2024 0:00;03/04/2025 0:00;FRAUDE;Contador sin precinto de compañía, han manipulado el equipo para que no funcione correctamente, se sustituye contador y queda funcionando correctamente ;Equipo de medida manipulado;FACTURADO;13291;13314;I825000003563;113095232;18/06/2025 0:00;02/06/2025 0:00;;21/05/2024 0:00;03/04/2025 0:00;2.0 TD;VALORACIÓN POR ART. 87;ACTIVO;;21/05/2025 0:00;317;100.0;13291;927;IBERDROLA CLIENTES, S.A.U;s3://naturgy-dlakeufd-pro/landing/IRREGULARIDADES_FRAUDES/Expedientes/Expedientes_FULL_20250721.csv;1753056000;I
26;;ES0022000000000000FX1P;4133303;13/01/2021 0:00;19/02/2021 0:00;IRREGULARIDAD;suministro con contrato con equipo de medida averiado, por algún tipo de defecto de fabricación salió ardiendo. Se procede a la sustitución y configuración de un nuevo equipo de medida. ;Contador averiado;FACTURADO;787;787;I821000000155;103483924;03/03/2021 0:00;24/02/2021 0:00;;13/01/2021 0:00;19/02/2021 0:00;2.0 DHA;HORAS DE UTILIZACIÓN;ACTIVO;;19/02/2021 0:00;37;100.0;787;927;IBERDROLA CLIENTES, S.A.U;s3://naturgy-dlakeufd-pro/landing/IRREGULARIDADES_FRAUDES/Expedientes/Expedientes_FULL_20250721.csv;1753056000;I
27;;ES0022000000000000FX1P;8593364;15/09/2023 0:00;15/01/2024 0:00;FRAUDE;contador con puente shunt entre fase de entrada y salida , se retira puente y corrige fraude;Puente entrada-salida en la misma fase (shunt);FACTURADO;2343;2525;I824000000258;110265359;25/01/2024 0:00;15/01/2024 0:00;;15/09/2023 0:00;15/01/2024 0:00;2.0 TD;VALORACIÓN POR ART. 87;ACTIVO;;15/01/2024 0:00;122;100.0;2343;389;NATURGY IBERIA, S.A.;s3://naturgy-dlakeufd-pro/landing/IRREGULARIDADES_FRAUDES/Expedientes/Expedientes_FULL_20250721.csv;1753056000;I
28;;ES0022000000000000FX1P;5550685;04/09/2023 0:00;03/09/2024 0:00;FRAUDE;Contador con precinto de compañía manipulado y puente shunt entre fase de entrada y salida. Y neutro  de entrada y salida. Se retiran puentes y corrige fraude ;Puente entrada-salida en la misma fase (shunt);FACTURADO;9039;10074;I824000004196;111442859;30/09/2024 0:00;05/09/2024 0:00;;04/09/2023 0:00;03/09/2024 0:00;2.0 TD;VALORACIÓN POR ART. 87;ACTIVO;;03/09/2024 0:00;215;58.0;5243;750;FENIE ENERGÍA, S.A.;s3://naturgy-dlakeufd-pro/landing/IRREGULARIDADES_FRAUDES/Expedientes/Expedientes_FULL_20250721.csv;1753056000;I
29;;ES0022000000000000FX1P;4569361;21/12/2022 0:00;20/01/2023 0:00;IRREGULARIDAD;equivo averiado sin dar corriente a la salida. PUENTEADO POR COR. ;Contador averiado;FACTURADO;275;276;I823000000227;107917988;23/01/2023 0:00;20/01/2023 0:00;;21/12/2022 0:00;20/01/2023 0:00;2.0 TD;HORAS DE UTILIZACIÓN;ACTIVO;;20/01/2023 0:00;30;100.0;275;91;ENDESA ENERGÍA, S.A.;s3://naturgy-dlakeufd-pro/landing/IRREGULARIDADES_FRAUDES/Expedientes/Expedientes_FULL_20250721.csv;1753056000;I
30;;ES0022000000000000FX1P;4751743;09/08/2023 0:00;07/08/2024 0:00;FRAUDE;Enganche en directo ;Contador anulado;NO FACTURABLE;;75654;;111469114;28/08/2024 0:00;09/08/2024 0:00;;;;3.0 TD;VALORACIÓN POR ART. 87;EN BAJA;Sin contrato;07/08/2024 0:00;;;;;;s3://naturgy-dlakeufd-pro/landing/IRREGULARIDADES_FRAUDES/Expedientes/Expedientes_FULL_20250721.csv;1753056000;I
31;;ES0022000000000000FX1P;4311326;11/12/2023 0:00;10/12/2024 0:00;FRAUDE;Contador con precinto de compañía manipulado y puente shunt entre fase de entrada y salida. Se retira puente y corrige fraude ;Puente entrada-salida en la misma fase (shunt);FACTURADO;6418;7556;I825000000014;111916794;08/01/2025 0:00;11/12/2024 0:00;;11/12/2023 0:00;10/12/2024 0:00;2.0 TD;VALORACIÓN POR ART. 87;ACTIVO;;10/12/2024 0:00;192;52.0;3337;389;NATURGY IBERIA, S.A.;s3://naturgy-dlakeufd-pro/landing/IRREGULARIDADES_FRAUDES/Expedientes/Expedientes_FULL_20250721.csv;1753056000;I
32;;ES0022000000000000FX1P;7230105;31/08/2022 0:00;31/08/2023 0:00;FRAUDE;bAJO SIN EQUIPO DE MEDIDA, SIN CONTRATO Y CON UNA LÍNEA DIRECTA CONECTADA A LA ACOMETIDA DE LA COMPAÑIA , SE CORRIGE Y SE ABRE ACTA DE FRAUDE ;Corriente directa sin contrato (sin contador);NO FACTURABLE;;30345;;108648913;05/09/2023 0:00;31/08/2023 0:00;;;;;VALORACIÓN POR ART. 87;SIN CONTRATO;Sin contrato;31/08/2023 0:00;;;;;;s3://naturgy-dlakeufd-pro/landing/IRREGULARIDADES_FRAUDES/Expedientes/Expedientes_FULL_20250721.csv;1753056000;I
33;;ES0022000000000000FX1P;7629245;23/03/2023 0:00;22/03/2024 0:00;FRAUDE;PUENTE ENTRE FASES INTERIORMENTE ;Equipo de medida manipulado;FACTURADO;13386;15111;I824000001367;110750103;29/04/2024 0:00;25/03/2024 0:00;;23/03/2023 0:00;22/03/2024 0:00;2.0 TD;VALORACIÓN POR ART. 87;ACTIVO;;22/03/2024 0:00;203;55.0;7362;91;ENDESA ENERGÍA, S.A.;s3://naturgy-dlakeufd-pro/landing/IRREGULARIDADES_FRAUDES/Expedientes/Expedientes_FULL_20250721.csv;1753056000;I
34;;ES0022000000000000FX1P;7494739;30/04/2025 0:00;13/05/2025 0:00;IRREGULARIDAD;Display averiado ;Contador averiado;FACTURADO;135;135;I825000002735;112501035;19/05/2025 0:00;13/05/2025 0:00;;30/04/2025 0:00;13/05/2025 0:00;2.0 TD;HORAS DE UTILIZACIÓN;ACTIVO;;13/05/2025 0:00;13;100.0;135;927;IBERDROLA CLIENTES, S.A.U;s3://naturgy-dlakeufd-pro/landing/IRREGULARIDADES_FRAUDES/Expedientes/Expedientes_FULL_20250721.csv;1753056000;I
35;;ES0022000000000000FX1P;5450958;05/11/2023 0:00;04/11/2024 0:00;FRAUDE;Conexión manipulada ;Conexión de equipo de medida manipulada;FACTURADO;7169;7556;I824000005641;111917382;09/12/2024 0:00;06/11/2024 0:00;;05/11/2023 0:00;04/11/2024 0:00;2.0 TD;VALORACIÓN POR ART. 87;ACTIVO;;04/11/2024 0:00;187;51.0;3656;389;NATURGY IBERIA, S.A.;s3://naturgy-dlakeufd-pro/landing/IRREGULARIDADES_FRAUDES/Expedientes/Expedientes_FULL_20250721.csv;1753056000;I
36;;ES0022000000000000FX1P;7327003;08/11/2023 0:00;30/11/2023 0:00;IRREGULARIDAD;display averiado ;Contador averiado;FACTURADO;305;305;I823000004668;109215955;04/12/2023 0:00;01/12/2023 0:00;;08/11/2023 0:00;30/11/2023 0:00;2.0 TD;HORAS DE UTILIZACIÓN;ACTIVO;;30/11/2023 0:00;22;100.0;305;389;NATURGY IBERIA, S.A.;s3://naturgy-dlakeufd-pro/landing/IRREGULARIDADES_FRAUDES/Expedientes/Expedientes_FULL_20250721.csv;1753056000;I
37;0;ES0022000000000000FX1P;4937099;25/03/2022 0:00;28/11/2022 0:00;FRAUDE;puente entrada-salida de fase ;Puente entrada-salida en la misma fase (shunt);FACTURADO;5431;6845;I822000003695;107334878;14/12/2022 0:00;28/11/2022 0:00;;25/03/2022 0:00;28/11/2022 0:00;2.0 TD;VALORACIÓN POR ART. 87;ACTIVO;;28/11/2022 0:00;211;85.0;4616;91;ENDESA ENERGÍA, S.A.;s3://naturgy-dlakeufd-pro/landing/IRREGULARIDADES_FRAUDES/Expedientes/Expedientes_FULL_20250721.csv;1753056000;I
38;1;ES0022000000000000FX1P;7825045;28/11/2021 0:00;24/03/2022 0:00;FRAUDE;puente entrada-salida de fase ;Puente entrada-salida en la misma fase (shunt);NO FACTURABLE;65;3202;;107334878;29/11/2022 0:00;29/11/2022 0:00;;28/11/2021 0:00;24/03/2022 0:00;2.0 TD;VALORACIÓN POR ART. 87;ACTIVO;Importe inferior al mínimo facturable;28/11/2022 0:00;;;;91;ENDESA ENERGÍA, S.A.;s3://naturgy-dlakeufd-pro/landing/IRREGULARIDADES_FRAUDES/Expedientes/Expedientes_FULL_20250721.csv;1753056000;I
39;;ES0022000000000000FX1P;4907390;22/11/2022 0:00;22/11/2023 0:00;FRAUDE;contador  con ambos precintos de compañía y oficial rotos, y puente shunt interno entre fase de entrada y salida . se sustituye equipo y  corrige fraude;Equipo de medida manipulado;FACTURADO;18516;20148;I823000004546;109981743;28/11/2023 0:00;22/11/2023 0:00;;22/11/2022 0:00;22/11/2023 0:00;2.0 TD;VALORACIÓN POR ART. 87;ACTIVO;;22/11/2023 0:00;235;64.0;11850;927;IBERDROLA CLIENTES, S.A.U;s3://naturgy-dlakeufd-pro/landing/IRREGULARIDADES_FRAUDES/Expedientes/Expedientes_FULL_20250721.csv;1753056000;I
40;;ES0022000000000000FX1P;8047503;21/08/2023 0:00;20/08/2024 0:00;FRAUDE;Puente shunt ;Puente entrada-salida en la misma fase (shunt);FACTURADO;7398;10074;I824000003443;111394940;27/08/2024 0:00;22/08/2024 0:00;;21/08/2023 0:00;20/08/2024 0:00;2.0 TD;VALORACIÓN POR ART. 87;ACTIVO;;20/08/2024 0:00;232;63.0;4661;389;NATURGY IBERIA, S.A.;s3://naturgy-dlakeufd-pro/landing/IRREGULARIDADES_FRAUDES/Expedientes/Expedientes_FULL_20250721.csv;1753056000;I
41;;ES0022000000000000NN1P;8623203;26/11/2020 0:00;28/12/2020 0:00;IRREGULARIDAD;equipo de medida quemado. Borna de neutro quemada. ;Contador averiado;FACTURADO;1196;1196;I321000000030;103367406;07/01/2021 0:00;28/12/2020 0:00;;26/11/2020 0:00;28/12/2020 0:00;2.0 A;HISTORICO FACTURACION;ACTIVO;;28/12/2020 0:00;32;100.0;1196;688;COMERCIALIZADORA REGULADA, GAS & POWER, S.A.;s3://naturgy-dlakeufd-pro/landing/IRREGULARIDADES_FRAUDES/Expedientes/Expedientes_FULL_20250721.csv;1753056000;I
42;;ES0022000000000000SP1P;4478742;24/11/2022 0:00;15/02/2023 0:00;FRAUDE;suministro con contrato, se detecta fraude mediante la conexión interna de puentes, uniendo las entradas y salidas, se procede a la sustitución de un nuevo equipo de medida. ;Equipo de medida manipulado;FACTURADO;1567;2291;I823000000834;107784149;21/02/2023 0:00;15/02/2023 0:00;;24/11/2022 0:00;15/02/2023 0:00;2.0 TD;VALORACIÓN POR ART. 87;ACTIVO;;15/02/2023 0:00;83;100.0;1567;756;HOLALUZ-CLIDOM S.A.;s3://naturgy-dlakeufd-pro/landing/IRREGULARIDADES_FRAUDES/Expedientes/Expedientes_FULL_20250721.csv;1753056000;I
43;;ES0022000000000000WW1P;7386555;15/02/2024 0:00;03/04/2024 0:00;IRREGULARIDAD;Unidas entradas y salidas en la misma borna de entrada,borna de salida de neutro quemada;Corriente directa autorizada;FACTURADO;332;331;I824000002039;110672043;24/05/2024 0:00;03/04/2024 0:00;;15/02/2024 0:00;03/04/2024 0:00;2.0 TD;HORAS DE UTILIZACIÓN;ACTIVO;;03/04/2024 0:00;48;100.0;332;1100;GEO ALTERNATIVA, S.L.;s3://naturgy-dlakeufd-pro/landing/IRREGULARIDADES_FRAUDES/Expedientes/Expedientes_FULL_20250721.csv;1753056000;I
44;;ES0022000000000074XS1P;7324980;15/11/2022 0:00;12/12/2022 0:00;FRAUDE;conexión directa, detrás de panel de contador.Se corrige irregularidad. ;Contador anulado;FACTURADO;746;745;I822000003714;107672913;15/12/2022 0:00;12/12/2022 0:00;;15/11/2022 0:00;11/12/2022 0:00;2.0 TD;VALORACIÓN POR ART. 87;ACTIVO;;12/12/2022 0:00;27;100.0;746;389;NATURGY IBERIA, S.A.;s3://naturgy-dlakeufd-pro/landing/IRREGULARIDADES_FRAUDES/Expedientes/Expedientes_FULL_20250721.csv;1753056000;I
45;0;ES0022000000000664JF1P;4941380;05/03/2022 0:00;02/02/2023 0:00;FRAUDE;un suministro con contrato con equipo de medida desprecintado con puente entre entrada y salida de fase en bornes de contador. Se regulariza conexión, quitando conexión irregular y se deja con servicio. ;Puente entrada-salida en la misma fase (shunt);FACTURADO;5408;6914;I823000000447;107783971;08/02/2023 0:00;02/02/2023 0:00;;05/03/2022 0:00;02/02/2023 0:00;2.0 TD;VALORACIÓN POR ART. 87;ACTIVO;;02/02/2023 0:00;216;64.0;3461;389;NATURGY IBERIA, S.A.;s3://naturgy-dlakeufd-pro/landing/IRREGULARIDADES_FRAUDES/Expedientes/Expedientes_FULL_20250721.csv;1753056000;I
46;1;ES0022000000011716XL1P;5106963;14/02/2022 0:00;04/03/2022 0:00;FRAUDE;un suministro con contrato con equipo de medida desprecintado con puente entre entrada y salida de fase en bornes de contador. Se regulariza conexión, quitando conexión irregular y se deja con servicio. ;Puente entrada-salida en la misma fase (shunt);FACTURADO;246;372;I823000000719;107783971;17/02/2023 0:00;07/02/2023 0:00;;14/02/2022 0:00;04/03/2022 0:00;2.0 TD;VALORACIÓN POR ART. 87;ACTIVO;Consumo inferior al mínimo valorado;02/02/2023 0:00;0;0.0;0;389;NATURGY IBERIA, S.A.;s3://naturgy-dlakeufd-pro/landing/IRREGULARIDADES_FRAUDES/Expedientes/Expedientes_FULL_20250721.csv;1753056000;I
47;;ES0022000000012110GE1P;9018749;25/02/2020 0:00;24/02/2021 0:00;FRAUDE;suministro cortado por impago con conexión manipulada en shuntI (pinza) = 0,73 AI (display) = 0 ASe procede a la corrección de la conexión y a la colocación de un tear;Corriente directa sin contrato (con contador);NO FACTURABLE;;5037;;103227174;04/03/2021 0:00;04/03/2021 0:00;;;;;VALORACIÓN POR ART. 87;EN BAJA;Sin contrato;24/02/2021 0:00;;;;;;s3://naturgy-dlakeufd-pro/landing/IRREGULARIDADES_FRAUDES/Expedientes/Expedientes_FULL_20250721.csv;1753056000;I
48;;ES0022000000012111MT1P;8608614;30/03/2023 0:00;12/04/2023 0:00;FRAUDE;"cONEXIÓN DIRECTA ILEGAL DE FASES ""S"" Y ""T"".";Conexión en acometida;FACTURADO;579;579;I823000001935;108469475;17/04/2023 0:00;12/04/2023 0:00;;30/03/2023 0:00;12/04/2023 0:00;2.0 TD;VALORACIÓN POR ART. 87;ACTIVO;;12/04/2023 0:00;13;100.0;579;927;IBERDROLA CLIENTES, S.A.U;s3://naturgy-dlakeufd-pro/landing/IRREGULARIDADES_FRAUDES/Expedientes/Expedientes_FULL_20250721.csv;1753056000;I
49;;ES0022000000012122MB1P;4433578;11/05/2022 0:00;29/03/2023 0:00;FRAUDE;equipo de medida monofásico con enganche directo en la fase S y T.Intensidad R=5,5Intensidad S=5,9Intensidad T=6,3;Conexión en acometida;FACTURADO;11109;11109;I823000001812;108444828;05/04/2023 0:00;29/03/2023 0:00;;11/05/2022 0:00;29/03/2023 0:00;2.0 TD;VALORACIÓN POR ART. 87;ACTIVO;;29/03/2023 0:00;209;64.0;7110;927;IBERDROLA CLIENTES, S.A.U;s3://naturgy-dlakeufd-pro/landing/IRREGULARIDADES_FRAUDES/Expedientes/Expedientes_FULL_20250721.csv;1753056000;I
50;0;ES0022000000012122MB1P;4462727;01/06/2021 0:00;10/05/2022 0:00;FRAUDE;suministro con contrato con 2 fases conectadas en directo.I (display - Fase R) =  0 A   I (pinza - Fase R) =   0 AI (display - Fase S) = 0 A   I (pinza - Fase S) =  0,9 AI (display - Fase T) = 0 A   I (pinza - Fase T) =  7,91 ASe procede a la desconex;Conexión en acometida;FACTURADO;11834;11834;I822000001468;105513462;02/06/2022 0:00;10/05/2022 0:00;;01/06/2021 0:00;10/05/2022 0:00;2.0 TD;VALORACIÓN POR ART. 87;ACTIVO;;10/05/2022 0:00;190;55.0;6509;927;IBERDROLA CLIENTES, S.A.U;s3://naturgy-dlakeufd-pro/landing/IRREGULARIDADES_FRAUDES/Expedientes/Expedientes_FULL_20250721.csv;1753056000;I
51;1;ES0022000000012122MB1P;8286471;10/05/2021 0:00;31/05/2021 0:00;FRAUDE;suministro con contrato con 2 fases conectadas en directo.I (display - Fase R) =  0 A   I (pinza - Fase R) =   0 AI (display - Fase S) = 0 A   I (pinza - Fase S) =  0,9 AI (display - Fase T) = 0 A   I (pinza - Fase T) =  7,91 ASe procede a la desconex;Conexión en acometida;FACTURADO;725;725;I822000001284;105513462;13/05/2022 0:00;10/05/2022 0:00;;10/05/2021 0:00;31/05/2021 0:00;2.0 DHA;VALORACIÓN POR ART. 87;ACTIVO;;10/05/2022 0:00;0;0.0;0;927;IBERDROLA CLIENTES, S.A.U;s3://naturgy-dlakeufd-pro/landing/IRREGULARIDADES_FRAUDES/Expedientes/Expedientes_FULL_20250721.csv;1753056000;I
52;;ES0022000000012130ML1P;4553910;04/04/2024 0:00;04/04/2025 0:00;FRAUDE;Contador sin precinto de compañía y puente shunt transpanel, han conectado fase de salida con fase de entrada con una clema, se retira clema y corrige fraude. ;Puente entrada-salida en la misma fase (shunt);FACTURADO;12105;12593;I825000002438;112752641;06/05/2025 0:00;07/04/2025 0:00;;04/04/2024 0:00;04/04/2025 0:00;2.0 TD;VALORACIÓN POR ART. 87;ACTIVO;;04/04/2025 0:00;185;50.0;6053;389;NATURGY IBERIA, S.A.;s3://naturgy-dlakeufd-pro/landing/IRREGULARIDADES_FRAUDES/Expedientes/Expedientes_FULL_20250721.csv;1753056000;I
53;0;ES0022000000012130ML1P;5082549;13/08/2022 0:00;11/05/2023 0:00;FRAUDE;doble acometida monofásica y trifásica.;Conexión en acometida;FACTURADO;14959;14960;I823000002370;108685036;19/05/2023 0:00;11/05/2023 0:00;;13/08/2022 0:00;11/05/2023 0:00;2.0 TD;VALORACIÓN POR ART. 87;ACTIVO;;11/05/2023 0:00;222;81.0;12117;918;ALDRO ENERGIA Y SOLUCIONES, S.L.U.;s3://naturgy-dlakeufd-pro/landing/IRREGULARIDADES_FRAUDES/Expedientes/Expedientes_FULL_20250721.csv;1753056000;I
54;1;ES0022000000012130ML1P;8458232;11/05/2022 0:00;12/08/2022 0:00;FRAUDE;doble acometida monofásica y trifásica.;Conexión en acometida;FACTURADO;5133;5133;I823000002340;108685036;18/05/2023 0:00;15/05/2023 0:00;;11/05/2022 0:00;12/08/2022 0:00;2.0 TD;VALORACIÓN POR ART. 87;ACTIVO;;11/05/2023 0:00;0;0.0;0;1358;RELAX ENERGÍA, S.L.;s3://naturgy-dlakeufd-pro/landing/IRREGULARIDADES_FRAUDES/Expedientes/Expedientes_FULL_20250721.csv;1753056000;I
55;;ES0022000000012177FC1P;6581362;24/11/2021 0:00;24/11/2022 0:00;FRAUDE;suministro con contrato, se detecta fraude mediante la conexión de puentes internos, se procede a la sustitución de un nuevo equipo de medida ;Equipo de medida manipulado;FACTURADO;11829;12593;I822000003474;107334879;29/11/2022 0:00;24/11/2022 0:00;;24/11/2021 0:00;24/11/2022 0:00;2.0 TD;VALORACIÓN POR ART. 87;ACTIVO;;24/11/2022 0:00;237;64.0;7571;688;COMERCIALIZADORA REGULADA, GAS & POWER, S.A.;s3://naturgy-dlakeufd-pro/landing/IRREGULARIDADES_FRAUDES/Expedientes/Expedientes_FULL_20250721.csv;1753056000;I
56;;ES0022000000012185PM1P;7903685;09/09/2020 0:00;22/09/2020 0:00;IRREGULARIDAD;le levanta contador en sistema y se coloca el que está el campo;Contador averiado;FACTURADO EN CICLO;100;100;;103040030;25/09/2020 0:00;25/09/2020 0:00;90245643;;;2.0 DHA;;ACTIVO;;22/09/2020 0:00;13;100.0;100;918;ALDRO ENERGIA Y SOLUCIONES, S.L.U.;s3://naturgy-dlakeufd-pro/landing/IRREGULARIDADES_FRAUDES/Expedientes/Expedientes_FULL_20250721.csv;1753056000;I
57;;ES0022000000012185PM1P;6481310;29/09/2022 0:00;11/10/2022 0:00;IRREGULARIDAD;display averiado ;Contador averiado;FACTURADO;79;79;I822000002753;106326172;13/10/2022 0:00;11/10/2022 0:00;;29/09/2022 0:00;11/10/2022 0:00;2.0 TD;HORAS DE UTILIZACIÓN;ACTIVO;;11/10/2022 0:00;12;100.0;79;918;ALDRO ENERGIA Y SOLUCIONES, S.L.U.;s3://naturgy-dlakeufd-pro/landing/IRREGULARIDADES_FRAUDES/Expedientes/Expedientes_FULL_20250721.csv;1753056000;I
58;;ES0022000000012189PD1P;8563396;06/06/2020 0:00;21/05/2021 0:00;FRAUDE;suministro con contrato con equipo de medida manipulado.Puentes internos entre la entrada y la salida de la misma fase.Precintos manipulados. ;Equipo de medida manipulado;NO FACTURABLE;0;14507;;103114425;26/05/2021 0:00;21/05/2021 0:00;;06/06/2020 0:00;21/05/2021 0:00;2.0 A;VALORACIÓN POR ART. 87;ACTIVO;Consumo inferior al mínimo valorado;21/05/2021 0:00;;;;750;FENIE ENERGÍA, S.A.;s3://naturgy-dlakeufd-pro/landing/IRREGULARIDADES_FRAUDES/Expedientes/Expedientes_FULL_20250721.csv;1753056000;I
59;;ES0022000000012204DR1P;4629934;26/10/2021 0:00;26/10/2022 0:00;FRAUDE;el suministro se encuentra en fraude con puentes en las bornas del equipo de medida. ;Contador anulado;FACTURADO;8820;15112;I822000003114;107126100;08/11/2022 0:00;26/10/2022 0:00;;26/10/2021 0:00;26/10/2022 0:00;2.0 TD;VALORACIÓN POR ART. 87;ACTIVO;;26/10/2022 0:00;208;56.0;4939;86;TOTALENERGIES MERCADO ESPAÑA SA;s3://naturgy-dlakeufd-pro/landing/IRREGULARIDADES_FRAUDES/Expedientes/Expedientes_FULL_20250721.csv;1753056000;I
60;;ES0022000000020535AY1P;1330944;16/09/2020 0:00;02/10/2020 0:00;IRREGULARIDAD;contador roto se cambia ;Contador averiado;FACTURADO;342;342;I820000001647;103045741;14/10/2020 0:00;02/10/2020 0:00;;16/09/2020 0:00;02/10/2020 0:00;3.0 A;HISTORICO FACTURACION;ACTIVO;;02/10/2020 0:00;16;100.0;342;1232;TOTAL GAS Y ELECTRICIDAD ESPAÑA SAU;s3://naturgy-dlakeufd-pro/landing/IRREGULARIDADES_FRAUDES/Expedientes/Expedientes_FULL_20250721.csv;1753056000;I
61;;ES0022000000044652QL1P;5228020;30/09/2021 0:00;28/10/2021 0:00;IRREGULARIDAD;equipo de medida no responde a la sonda, se reemplaza, el expediente se ha hecho desde Moma, y aparece sin equipo, se intenta pinchar para escribir el número del equipo y no da opción, problemas técnicos de compatibilidad entre aplicaciones;Contador averiado;FACTURADO EN CICLO;387;387;;104431537;29/10/2021 0:00;28/10/2021 0:00;142405157;;;3.0 TD;;ACTIVO;;28/10/2021 0:00;28;100.0;387;927;IBERDROLA CLIENTES, S.A.U;s3://naturgy-dlakeufd-pro/landing/IRREGULARIDADES_FRAUDES/Expedientes/Expedientes_FULL_20250721.csv;1753056000;I
62;;ES0022000000045235LG1P;7471488;12/05/2023 0:00;23/05/2023 0:00;IRREGULARIDAD;dISPLAY EN BLANCO.;Contador averiado;FACTURADO;3841;3841;I823000002454;108625519;24/05/2023 0:00;23/05/2023 0:00;;12/05/2023 0:00;23/05/2023 0:00;3.0 TD;HORAS DE UTILIZACIÓN;ACTIVO;;23/05/2023 0:00;11;100.0;3841;918;ALDRO ENERGIA Y SOLUCIONES, S.L.U.;s3://naturgy-dlakeufd-pro/landing/IRREGULARIDADES_FRAUDES/Expedientes/Expedientes_FULL_20250721.csv;1753056000;I
63;;ES0022000000049426VD1P;6470198;02/02/2022 0:00;02/02/2023 0:00;FRAUDE;equipo manipulado en el interior ;Equipo de medida manipulado;FACTURADO;8545;10073;I823000000472;107784150;08/02/2023 0:00;02/02/2023 0:00;;02/02/2022 0:00;02/02/2023 0:00;2.0 TD;VALORACIÓN POR ART. 87;ACTIVO;;02/02/2023 0:00;216;59.0;5042;688;COMERCIALIZADORA REGULADA, GAS & POWER, S.A.;s3://naturgy-dlakeufd-pro/landing/IRREGULARIDADES_FRAUDES/Expedientes/Expedientes_FULL_20250721.csv;1753056000;I
64;;ES0022000000050273PM1P;7134039;07/12/2022 0:00;05/01/2023 0:00;IRREGULARIDAD;contador averiado sin display se cambia y se hace acta de anomalía por avería ;Contador averiado;FACTURADO;200;200;I323000000339;107813105;09/01/2023 0:00;05/01/2023 0:00;;07/12/2022 0:00;05/01/2023 0:00;2.0 TD;HORAS DE UTILIZACIÓN;ACTIVO;;05/01/2023 0:00;29;100.0;200;91;ENDESA ENERGÍA, S.A.;s3://naturgy-dlakeufd-pro/landing/IRREGULARIDADES_FRAUDES/Expedientes/Expedientes_FULL_20250721.csv;1753056000;I
65;0;ES0022000000050798PR1P;5459088;01/06/2021 0:00;02/07/2021 0:00;IRREGULARIDAD;pANTALLA APAGADA ;Contador averiado;FACTURADO;356;356;I821000001549;104081265;21/10/2021 0:00;04/07/2021 0:00;;01/06/2021 0:00;02/07/2021 0:00;2.0 TD;HORAS DE UTILIZACIÓN;ACTIVO;;02/07/2021 0:00;31;100.0;356;389;NATURGY IBERIA, S.A.;s3://naturgy-dlakeufd-pro/landing/IRREGULARIDADES_FRAUDES/Expedientes/Expedientes_FULL_20250721.csv;1753056000;I
66;;ES0022000000050801PG1P;7719436;28/02/2022 0:00;24/03/2022 0:00;IRREGULARIDAD;display averiado ;Contador averiado;FACTURADO;221;221;I822000000741;104965022;29/03/2022 0:00;24/03/2022 0:00;;28/02/2022 0:00;24/03/2022 0:00;2.0 TD;HORAS DE UTILIZACIÓN;ACTIVO;;24/03/2022 0:00;24;100.0;221;389;NATURGY IBERIA, S.A.;s3://naturgy-dlakeufd-pro/landing/IRREGULARIDADES_FRAUDES/Expedientes/Expedientes_FULL_20250721.csv;1753056000;I
67;;ES0022000000050806PD1P;5288957;03/02/2025 0:00;02/04/2025 0:00;IRREGULARIDAD;Error C;Módem averiado/Fallo comunicación;FACTURADO;1601;1601;I325000003221;112500767;16/04/2025 0:00;02/04/2025 0:00;;03/02/2025 0:00;02/04/2025 0:00;2.0 TD;HORAS DE UTILIZACIÓN;ACTIVO;;02/04/2025 0:00;58;100.0;1601;1219;ENERGIA NUFRI, S.L.U.;s3://naturgy-dlakeufd-pro/landing/IRREGULARIDADES_FRAUDES/Expedientes/Expedientes_FULL_20250721.csv;1753056000;I
68;;ES0022000000050821DR1P;6332867;02/09/2022 0:00;02/11/2022 0:00;IRREGULARIDAD;contador roto, display roto, imposible lectura, se sustituye contador telegestion ;Contador averiado;FACTURADO;9762;9760;I422000006284;106907648;10/11/2022 0:00;02/11/2022 0:00;;02/09/2022 0:00;02/11/2022 0:00;3.0 TD;HORAS DE UTILIZACIÓN;ACTIVO;;02/11/2022 0:00;61;100.0;9762;927;IBERDROLA CLIENTES, S.A.U;s3://naturgy-dlakeufd-pro/landing/IRREGULARIDADES_FRAUDES/Expedientes/Expedientes_FULL_20250721.csv;1753056000;I
69;;ES0022000000050822DW1P;8324730;07/12/2021 0:00;10/12/2021 0:00;IRREGULARIDAD;contador puenteado por el COR, se corrige y precinta. Se da servicio DLMS. ;Corriente directa autorizada;NO FACTURABLE;20;21;;104807767;14/12/2021 0:00;10/12/2021 0:00;;07/12/2021 0:00;10/12/2021 0:00;2.0 TD;HORAS DE UTILIZACIÓN;ACTIVO;Consumo inferior al mínimo valorado;10/12/2021 0:00;;;;91;ENDESA ENERGÍA, S.A.;s3://naturgy-dlakeufd-pro/landing/IRREGULARIDADES_FRAUDES/Expedientes/Expedientes_FULL_20250721.csv;1753056000;I
70;0;ES0022000000050825DM1P;5932520;05/04/2023 0:00;19/05/2023 0:00;FRAUDE;puente entre entrada y salida de fase por detrás de contador ;Puente entrada-salida en la misma fase (shunt);FACTURADO;2429;2429;I323000005273;108581930;29/05/2023 0:00;19/05/2023 0:00;;05/04/2023 0:00;19/05/2023 0:00;2.0 TD;VALORACIÓN POR ART. 87;ACTIVO;;19/05/2023 0:00;44;100.0;2429;927;IBERDROLA CLIENTES, S.A.U;s3://naturgy-dlakeufd-pro/landing/IRREGULARIDADES_FRAUDES/Expedientes/Expedientes_FULL_20250721.csv;1753056000;I
71;1;ES0022000000050836DQ1P;5295452;27/01/2023 0:00;04/04/2023 0:00;FRAUDE;puente entre entrada y salida de fase por detrás de contador ;Puente entrada-salida en la misma fase (shunt);FACTURADO;2772;2773;I323000005178;108581930;25/05/2023 0:00;24/05/2023 0:00;;27/01/2023 0:00;04/04/2023 0:00;2.0 TD;VALORACIÓN POR ART. 87;ACTIVO;;19/05/2023 0:00;67;100.0;2772;927;IBERDROLA CLIENTES, S.A.U;s3://naturgy-dlakeufd-pro/landing/IRREGULARIDADES_FRAUDES/Expedientes/Expedientes_FULL_20250721.csv;1753056000;I
72;2;ES0022000000050877BB1P;4575851;19/05/2022 0:00;26/01/2023 0:00;FRAUDE;puente entre entrada y salida de fase por detrás de contador ;Puente entrada-salida en la misma fase (shunt);FACTURADO;10432;10433;I323000005170;108581930;25/05/2023 0:00;24/05/2023 0:00;;19/05/2022 0:00;26/01/2023 0:00;2.0 TD;VALORACIÓN POR ART. 87;ACTIVO;;19/05/2023 0:00;117;46.0;4799;750;FENIE ENERGÍA, S.A.;s3://naturgy-dlakeufd-pro/landing/IRREGULARIDADES_FRAUDES/Expedientes/Expedientes_FULL_20250721.csv;1753056000;I
73;;ES0022000000050890NR1P;8792684;31/10/2021 0:00;29/11/2021 0:00;IRREGULARIDAD;cdr averiado sin display ;Contador averiado;FACTURADO;199;200;I321000010394;104742592;07/12/2021 0:00;29/11/2021 0:00;;31/10/2021 0:00;29/11/2021 0:00;2.0 TD;HORAS DE UTILIZACIÓN;ACTIVO;;29/11/2021 0:00;29;100.0;199;973;ENERXIA GALEGA MAIS, S.L.;s3://naturgy-dlakeufd-pro/landing/IRREGULARIDADES_FRAUDES/Expedientes/Expedientes_FULL_20250721.csv;1753056000;I
74;0;ES0022000000050899NX1P;4788828;16/05/2024 0:00;06/03/2025 0:00;FRAUDE;Puente tras el panel con la fase de entrada y salida ;Puente entrada-salida en la misma fase (shunt);FACTURADO;5089;5998;I425000002551;112731551;03/04/2025 0:00;07/03/2025 0:00;;16/05/2024 0:00;06/03/2025 0:00;2.0 TD;VALORACIÓN POR ART. 87;ACTIVO;;06/03/2025 0:00;186;63.0;3206;91;ENDESA ENERGÍA, S.A.;s3://naturgy-dlakeufd-pro/landing/IRREGULARIDADES_FRAUDES/Expedientes/Expedientes_FULL_20250721.csv;1753056000;I
75;1;ES0022000000050912JT1P;5512667;06/03/2024 0:00;15/05/2024 0:00;FRAUDE;Puente tras el panel con la fase de entrada y salida ;Puente entrada-salida en la misma fase (shunt);FACTURADO;1251;1428;I425000001459;112731551;10/03/2025 0:00;08/03/2025 0:00;;06/03/2024 0:00;15/05/2024 0:00;2.0 TD;VALORACIÓN POR ART. 87;ACTIVO;;06/03/2025 0:00;0;0.0;0;499;REPSOL COMERCIALIZADORA DE ELECTRICIDAD Y GAS S.L.U.;s3://naturgy-dlakeufd-pro/landing/IRREGULARIDADES_FRAUDES/Expedientes/Expedientes_FULL_20250721.csv;1753056000;I
76;;ES0022000000050914JW1P;5339499;03/10/2022 0:00;03/10/2023 0:00;FRAUDE;puente externo entre fases.  se retira y valores correctos en pinza ;Puente entrada-salida en la misma fase (shunt);FACTURADO;4268;7446;I423000008712;109615463;10/10/2023 0:00;03/10/2023 0:00;;03/10/2022 0:00;03/10/2023 0:00;2.0 TD;VALORACIÓN POR ART. 87;ACTIVO;;03/10/2023 0:00;216;59.0;2518;389;NATURGY IBERIA, S.A.;s3://naturgy-dlakeufd-pro/landing/IRREGULARIDADES_FRAUDES/Expedientes/Expedientes_FULL_20250721.csv;1753056000;I
77;0;ES0022000000050921JD1P;7071868;01/06/2021 0:00;14/07/2021 0:00;IRREGULARIDAD;display averiado ;Contador averiado;FACTURADO;297;297;I421000002080;103908020;07/09/2021 0:00;14/07/2021 0:00;;01/06/2021 0:00;14/07/2021 0:00;2.0 TD;HORAS DE UTILIZACIÓN;ACTIVO;;14/07/2021 0:00;43;100.0;297;389;NATURGY IBERIA, S.A.;s3://naturgy-dlakeufd-pro/landing/IRREGULARIDADES_FRAUDES/Expedientes/Expedientes_FULL_20250721.csv;1753056000;I
78;0;ES0022000000050921JD1P;7040341;01/06/2021 0:00;10/09/2021 0:00;FRAUDE;contador monofasico, suministro trifásico...dos fases diresctas;Contador anulado;FACTURADO;5463;5576;I321000005346;104072167;07/10/2021 0:00;10/09/2021 0:00;;01/06/2021 0:00;10/09/2021 0:00;2.0 TD;VALORACIÓN POR ART. 87;ACTIVO;;10/09/2021 0:00;101;100.0;5463;389;NATURGY IBERIA, S.A.;s3://naturgy-dlakeufd-pro/landing/IRREGULARIDADES_FRAUDES/Expedientes/Expedientes_FULL_20250721.csv;1753056000;I
79;1;ES0022000000050921JD1P;4288779;10/09/2020 0:00;31/05/2021 0:00;FRAUDE;contador monofasico, suministro trifásico...dos fases diresctas;Contador anulado;FACTURADO;13845;14518;I321000004834;104072167;24/09/2021 0:00;17/09/2021 0:00;;10/09/2020 0:00;31/05/2021 0:00;2.0 A;VALORACIÓN POR ART. 87;ACTIVO;;10/09/2021 0:00;119;45.0;6230;389;NATURGY IBERIA, S.A.;s3://naturgy-dlakeufd-pro/landing/IRREGULARIDADES_FRAUDES/Expedientes/Expedientes_FULL_20250721.csv;1753056000;I
80;;ES0022000000050921JD1P;7358733;02/07/2023 0:00;03/07/2023 0:00;FRAUDE;contador puenteado, se corrige y precinta. Cortado DLMS ;Contador anulado;FACTURADO;83;83;I723000000723;109002665;04/08/2023 0:00;03/07/2023 0:00;;02/07/2023 0:00;03/07/2023 0:00;2.0 TD;VALORACIÓN POR ART. 87;ACTIVO;;03/07/2023 0:00;1;100.0;83;389;NATURGY IBERIA, S.A.;s3://naturgy-dlakeufd-pro/landing/IRREGULARIDADES_FRAUDES/Expedientes/Expedientes_FULL_20250721.csv;1753056000;I
81;;ES0022000000050922JX1P;6674677;04/07/2023 0:00;04/09/2023 0:00;FRAUDE;contador puenteado por cliente, se corrige y precinta. Suministro cortado DLMS.;Contador anulado;NO FACTURABLE;;5154;;109190035;07/09/2023 0:00;04/09/2023 0:00;;;;2.0 TD;VALORACIÓN POR ART. 87;EN BAJA;Sin contrato;04/09/2023 0:00;;;;389;NATURGY IBERIA, S.A.;s3://naturgy-dlakeufd-pro/landing/IRREGULARIDADES_FRAUDES/Expedientes/Expedientes_FULL_20250721.csv;1753056000;I
82;;ES0022000000050939ZG1P;8126291;28/11/2022 0:00;28/11/2023 0:00;FRAUDE;doble acometida trifasica ;Conexión en acometida;FACTURADO;10072;10073;I423000010496;110027030;04/12/2023 0:00;29/11/2023 0:00;;28/11/2022 0:00;28/11/2023 0:00;2.0 TD;VALORACIÓN POR ART. 87;ACTIVO;;28/11/2023 0:00;211;57.0;5741;389;NATURGY IBERIA, S.A.;s3://naturgy-dlakeufd-pro/landing/IRREGULARIDADES_FRAUDES/Expedientes/Expedientes_FULL_20250721.csv;1753056000;I
83;;ES0022000000051517QF1P;4376579;30/06/2025 0:00;14/07/2025 0:00;IRREGULARIDAD;Contador con display averiado ;Contador averiado;FACTURADO;101;101;I325000006994;113095813;17/07/2025 0:00;14/07/2025 0:00;;30/06/2025 0:00;14/07/2025 0:00;2.0 TD;HISTORICO FACTURACION;ACTIVO;;14/07/2025 0:00;14;100.0;101;1646;NATURGY CLIENTES, S.A.U;s3://naturgy-dlakeufd-pro/landing/IRREGULARIDADES_FRAUDES/Expedientes/Expedientes_FULL_20250721.csv;1753056000;I
84;;ES0022000000051517QF1P;5276741;24/04/2025 0:00;10/06/2025 0:00;IRREGULARIDAD;Contador con display averiado no se obtiene lecturas, se sustituye ;Contador averiado;FACTURADO EN CICLO;310;310;;113248200;09/07/2025 0:00;18/06/2025 0:00;K725000000584;24/04/2025 0:00;10/06/2025 0:00;3.0 TD;;ACTIVO;;10/06/2025 0:00;47;100.0;310;389;NATURGY IBERIA, S.A.;s3://naturgy-dlakeufd-pro/landing/IRREGULARIDADES_FRAUDES/Expedientes/Expedientes_FULL_20250721.csv;1753056000;I
85;;ES0022000000051577HK1P;7611733;01/06/2021 0:00;19/03/2022 0:00;IRREGULARIDAD;encontrarse el contador con el display averiado, siendo imposible obtener lecturas. Se sustituye contador por número 225705283 marca SAGEM, quedando el suministro con servicio normalizado. ;Contador averiado;FACTURADO;2676;2677;I422000002199;104689497;05/05/2022 0:00;19/03/2022 0:00;;01/06/2021 0:00;19/03/2022 0:00;2.0 TD;HORAS DE UTILIZACIÓN;ACTIVO;;19/03/2022 0:00;169;58.0;1552;927;IBERDROLA CLIENTES, S.A.U;s3://naturgy-dlakeufd-pro/landing/IRREGULARIDADES_FRAUDES/Expedientes/Expedientes_FULL_20250721.csv;1753056000;I
86;0;ES0022000000055872KS1P;1489324;01/06/2021 0:00;12/07/2021 0:00;IRREGULARIDAD;contador averiado ;Contador averiado;FACTURADO;282;283;I421000003635;103909391;25/10/2021 0:00;12/07/2021 0:00;;01/06/2021 0:00;12/07/2021 0:00;2.0 TD;HORAS DE UTILIZACIÓN;ACTIVO;;12/07/2021 0:00;41;100.0;282;389;NATURGY IBERIA, S.A.;s3://naturgy-dlakeufd-pro/landing/IRREGULARIDADES_FRAUDES/Expedientes/Expedientes_FULL_20250721.csv;1753056000;I
87;1;ES0022000000055873KQ1P;6161597;17/05/2021 0:00;31/05/2021 0:00;IRREGULARIDAD;contador averiado ;Contador averiado;FACTURADO;97;97;I421000003700;103909391;26/10/2021 0:00;16/08/2021 0:00;;17/05/2021 0:00;31/05/2021 0:00;2.0 A;HORAS DE UTILIZACIÓN;ACTIVO;;12/07/2021 0:00;14;100.0;97;389;NATURGY IBERIA, S.A.;s3://naturgy-dlakeufd-pro/landing/IRREGULARIDADES_FRAUDES/Expedientes/Expedientes_FULL_20250721.csv;1753056000;I
88;;ES0022000000055922TL1P;4896405;11/01/2023 0:00;03/02/2023 0:00;IRREGULARIDAD;contador averiado display apagado, se cambia contador ;Contador averiado;FACTURADO;264;264;I423000001693;108051557;06/02/2023 0:00;03/02/2023 0:00;;11/01/2023 0:00;03/02/2023 0:00;2.0 TD;HORAS DE UTILIZACIÓN;ACTIVO;;03/02/2023 0:00;23;100.0;264;389;NATURGY IBERIA, S.A.;s3://naturgy-dlakeufd-pro/landing/IRREGULARIDADES_FRAUDES/Expedientes/Expedientes_FULL_20250721.csv;1753056000;I
89;;ES0022000000055950WR1P;5151146;13/06/2022 0:00;21/06/2022 0:00;IRREGULARIDAD;contador averiado display apagado, se cambia contador ;Contador averiado;FACTURADO;54;55;I422000003415;105820036;30/06/2022 0:00;21/06/2022 0:00;;13/06/2022 0:00;21/06/2022 0:00;2.0 TD;HORAS DE UTILIZACIÓN;ACTIVO;;21/06/2022 0:00;8;100.0;54;688;COMERCIALIZADORA REGULADA, GAS & POWER, S.A.;s3://naturgy-dlakeufd-pro/landing/IRREGULARIDADES_FRAUDES/Expedientes/Expedientes_FULL_20250721.csv;1753056000;I
90;;ES0022000000056062YK1P;6046520;21/01/2022 0:00;21/01/2022 0:00;IRREGULARIDAD;contador averiado ;Contador averiado;FACTURADO EN CICLO;1879;1879;;103841889;11/02/2022 0:00;21/01/2022 0:00;154441943;;;2.0 TD;;ACTIVO;;21/01/2022 0:00;0;100.0;1879;688;COMERCIALIZADORA REGULADA, GAS & POWER, S.A.;s3://naturgy-dlakeufd-pro/landing/IRREGULARIDADES_FRAUDES/Expedientes/Expedientes_FULL_20250721.csv;1753056000;I
91;;ES0022000000072911AB1P;9102952;16/08/2023 0:00;11/10/2023 0:00;IRREGULARIDAD;display averiado ;Contador averiado;NO FACTURABLE;1030;1030;;109701540;25/10/2023 0:00;11/10/2023 0:00;;16/08/2023 0:00;11/10/2023 0:00;2.0 TD;HORAS DE UTILIZACIÓN;ACTIVO;Autoconsumo;11/10/2023 0:00;;;;1525;OK TU ENERGIA VERDE SL;s3://naturgy-dlakeufd-pro/landing/IRREGULARIDADES_FRAUDES/Expedientes/Expedientes_FULL_20250721.csv;1753056000;I
92;;ES0022000000073188SN1P;9079953;18/12/2020 0:00;04/01/2021 0:00;IRREGULARIDAD;contador averiado bornes quemadas ;Contador averiado;FACTURADO;11370;11370;I321000000186;103450457;03/02/2021 0:00;04/01/2021 0:00;;18/12/2020 0:00;04/01/2021 0:00;2.0 DHA;HORAS DE UTILIZACIÓN;ACTIVO;;04/01/2021 0:00;17;100.0;11370;972;CHC COMERCIALIZADOR DE REFERENCIA, S.L.;s3://naturgy-dlakeufd-pro/landing/IRREGULARIDADES_FRAUDES/Expedientes/Expedientes_FULL_20250721.csv;1753056000;I
93;;ES0022000000073987GY1P;6587159;11/07/2022 0:00;11/08/2022 0:00;IRREGULARIDAD;no coje con sonda lecturas;Contador averiado;FACTURADO;284;285;I422000004276;106336876;17/08/2022 0:00;11/08/2022 0:00;;11/07/2022 0:00;11/08/2022 0:00;2.0 TD;HORAS DE UTILIZACIÓN;ACTIVO;;11/08/2022 0:00;31;100.0;284;389;NATURGY IBERIA, S.A.;s3://naturgy-dlakeufd-pro/landing/IRREGULARIDADES_FRAUDES/Expedientes/Expedientes_FULL_20250721.csv;1753056000;I
94;;ES0022000000074330LG1P;1462268;17/10/2022 0:00;17/10/2023 0:00;FRAUDE;conexión en directo sin Contrato se corrige conexión y se precinta contador ;Corriente directa sin contrato (con contador);NO FACTURABLE;;14235;;109449996;20/10/2023 0:00;17/10/2023 0:00;;;;2.0 TD;VALORACIÓN POR ART. 87;EN BAJA;Sin contrato;17/10/2023 0:00;;;;389;NATURGY IBERIA, S.A.;s3://naturgy-dlakeufd-pro/landing/IRREGULARIDADES_FRAUDES/Expedientes/Expedientes_FULL_20250721.csv;1753056000;I
95;;ES0022000000074799QJ1P;4860009;17/02/2022 0:00;17/01/2023 0:00;IRREGULARIDAD;display averiado ;Contador averiado;FACTURADO;2204;2204;I423000001243;107639726;25/01/2023 0:00;18/01/2023 0:00;;17/02/2022 0:00;17/01/2023 0:00;2.0 TD;HORAS DE UTILIZACIÓN;ACTIVO;;17/01/2023 0:00;230;68.0;1499;91;ENDESA ENERGÍA, S.A.;s3://naturgy-dlakeufd-pro/landing/IRREGULARIDADES_FRAUDES/Expedientes/Expedientes_FULL_20250721.csv;1753056000;I
96;0;ES0022000000075065MA1P;8508137;01/06/2021 0:00;12/07/2021 0:00;IRREGULARIDAD;contador averiado. Indica tensiones mal en display. ;Contador averiado;FACTURADO;377;377;I421000002944;103728008;08/10/2021 0:00;12/07/2021 0:00;;01/06/2021 0:00;12/07/2021 0:00;2.0 TD;HORAS DE UTILIZACIÓN;ACTIVO;;12/07/2021 0:00;41;100.0;377;389;NATURGY IBERIA, S.A.;s3://naturgy-dlakeufd-pro/landing/IRREGULARIDADES_FRAUDES/Expedientes/Expedientes_FULL_20250721.csv;1753056000;I
97;1;ES0022000000076142ME1P;1310018;12/08/2020 0:00;31/05/2021 0:00;IRREGULARIDAD;contador averiado. Indica tensiones mal en display. ;Contador averiado;FACTURADO;2686;2686;I421000001904;103728008;01/09/2021 0:00;16/08/2021 0:00;;12/08/2020 0:00;31/05/2021 0:00;2.0 A;HORAS DE UTILIZACIÓN;ACTIVO;;12/07/2021 0:00;119;40.0;1074;389;NATURGY IBERIA, S.A.;s3://naturgy-dlakeufd-pro/landing/IRREGULARIDADES_FRAUDES/Expedientes/Expedientes_FULL_20250721.csv;1753056000;I
98;;ES0022000000076410VZ1P;8858345;11/03/2024 0:00;14/05/2024 0:00;IRREGULARIDAD;Display averiado ;Contador averiado;FACTURADO;768;768;I424000003809;110899017;27/05/2024 0:00;14/05/2024 0:00;;11/03/2024 0:00;14/05/2024 0:00;2.0 TD;HORAS DE UTILIZACIÓN;ACTIVO;;14/05/2024 0:00;64;100.0;768;389;NATURGY IBERIA, S.A.;s3://naturgy-dlakeufd-pro/landing/IRREGULARIDADES_FRAUDES/Expedientes/Expedientes_FULL_20250721.csv;1753056000;I
99;;ES0022000000077709MW1P;6654046;17/03/2024 0:00;17/03/2025 0:00;FRAUDE;Contador con precinto de compañía manipulado y puente shunt entre fase de entrada y salida. Se retira puente y corrige fraude. ;Puente entrada-salida en la misma fase (shunt);FACTURADO;11209;12483;I825000002024;112731450;11/04/2025 0:00;18/03/2025 0:00;;17/03/2024 0:00;17/03/2025 0:00;2.0 TD;VALORACIÓN POR ART. 87;ACTIVO;;17/03/2025 0:00;197;53.0;5941;927;IBERDROLA CLIENTES, S.A.U;s3://naturgy-dlakeufd-pro/landing/IRREGULARIDADES_FRAUDES/Expedientes/Expedientes_FULL_20250721.csv;1753056000;I
100;0;ES0022000000077859BZ1P;6654047;01/06/2021 0:00;08/11/2021 0:00;IRREGULARIDAD;contador instalado invertido con lectura en 0.28.   2317.Se corrige;Equipo de Medida con conexión errónea;FACTURADO;1103;1104;I821000002567;104430902;10/12/2021 0:00;08/11/2021 0:00;;01/06/2021 0:00;08/11/2021 0:00;2.0 TD;HORAS DE UTILIZACIÓN;ACTIVO;;08/11/2021 0:00;160;100.0;1103;389;NATURGY IBERIA, S.A.;s3://naturgy-dlakeufd-pro/landing/IRREGULARIDADES_FRAUDES/Expedientes/Expedientes_FULL_20250721.csv;1753056000;I
