_id;data_date;ct_sgc;ct_gmo;ct_bdi;ct_odi;nombre_ct_bdi;cnc_s05;trafo_bdi;salida_bt_bdi;clave_acometida_sgc;clave_acometida_ficticia_sgc;nif_sum_sgc;cups_sgc;nis_rad_sgc;nif_pm_sgc;cgv_pm_sgc;cnt_sgc;marca_cnt_sgc;mod_s06;codigo_barras_s06;fecha_ult_s06_s06;vprime_s06;vf_s06;version_stg_s05;companion_s06;ultimo_domingo;fecha_ult_s05_s05;num_dias_uls_s05_s05;num_dias_ult_s05_desde_domingo_s05;num_dias_ult_s05_o_inst_desde_domingo_s05;aea_s05;aia_s05;num_envios_s05;num_envios_s02_s02;fecha_ult_s02_s02;num_horas_s02_s02;num_huecos_s02_s02;num_dias_ult_s02_s02;num_dias_ult_s02_desde_domingo_s02;num_dias_ult_s02_o_inst_desde_domingo_s02;fecha_inst_apa_sgc;num_dias_inst_apa_sgc;inst_tg_sgc;telegest_os_sgc;fr_sgc;primera_fr_zeus;aor_fin_pm_sgc;f_puesta_explotacion_sgc;tipo_punto_sgc;tipo_sum_sgc;estado_contrato_sgc;fases_sgc;prop_apa_sgc;alquiler_distribuidora_zeus;pot_ctto_sgc;pot_max_sgc;tension_sum_sgc;comercializadora_sgc;tarifa_sgc;alquiler_sgc;fecha_alta_ctto_sgc;fecha_baja_ctto_sgc;complemento_fact_sgc;fecha_ult_lect_sgc;fecha_ult_fact_sgc;num_dias_ult_fact_sgc;contrata_tg_contratas;contrata_zona_contratas;area_ejecucion_sgc;centro_tecnico_sgc;coord_utm_x_bdi;coord_utm_y_bdi;meterid_1_sgc;meterid_2_sgc;meterid_3_sgc;tipo_apa1_sgc;marca1_sgc;num_apa1_sgc;mod1_sgc;cod_barras1_sgc;subtipo_apa1_zeus;tipo_apa2_sgc;marca2_sgc;num_apa2_sgc;mod2_sgc;cod_barras2_sgc;subtipo_apa2_zeus;tipo_apa3_sgc;marca3_sgc;num_apa3_sgc;mod3_sgc;cod_barras3_sgc;reactiva_zeus;maximetro_icp_zeus;cgv_sum_sgc;tipo_via_sgc;calle_sgc;numero_sgc;duplicador_sgc;cod_postal_sgc;entidad_singular_sgc;entidad_colectiva_sgc;municipio_sgc;provincia_sgc;ccaa_sgc;trafos_en_ct;salidas_bt_en_ct;salidas_bt_en_trafo;acometidas_en_ct;acometidas_en_trafo;acometidas_por_salida_bt;contadores_tg_en_ct;contadores_tg_en_trafo;contadores_tg_en_salida_bt;contadores_tg_en_acometida;tasa_comunica_ct_s05;tasa_comunica_trafo_s05;tasa_comunica_salida_bt_s05;tasa_comunica_acometida_s05;tasa_5_7_ct_s05;tasa_5_7_trafo_s05;tasa_5_7_salida_bt_s05;tasa_5_7_acometida_s05;num_trafos_comunica_ko_por_ct;num_trafos_comunica_parcial_por_ct;num_trafos_comunica_ok_por_ct;num_lineas_comunica_ko_por_trafo;num_lineas_comunica_parcial_por_trafo;num_lineas_comunica_ok_por_trafo;num_acometidas_comunica_ko_por_linea;num_acometidas_comunica_parcial_por_linea;num_acometidas_comunica_ok_por_linea;ultimo_s05_distinto_0_odi;ultimo_s02_distinto_0_odi;estado_tg_gct;num_os_ult_inc_sgc;tipo_os_ult_inc_sgc;cer_ult_inc_sgc;fuce_ult_inc_sgc;num_dias_os_ult_inc_sgc;accs_ult_inc_sgc;com_resolucion_ult_inc_zeus;num_os_ult_sgc;tipo_os_ult_sgc;cer_ult_sgc;fuce_ult_sgc;num_dias_os_ult_sgc;accs_ult_sgc;com_resolucion_ult_zeus;num_os_ult_acom_zeus;tipo_os_ult_acom_zeus;cer_ult_acom_zeus;fuce_ult_acom_zeus;num_dias_os_ult_acom_zeus;accs_ult_acom_zeus;com_resolucion_ult_acom_zeus;favoritos_edit;contrasenyas_edit;criticidad_edit;num_incidencia;estado_incidencia;fecha_estado_incidencia;sintoma_incidencia;reglas_cumplidas;estado_incidencia_concentrador;num_dias_ult_cambio_inc_concentrador;afectado_por_incidencia_cargas;afectado_por_incidencia_concentrador;afectado_por_incidencia_ruido;nivel_ruido;num_incidencia_ruido;afectado_por_incidencia_pvpc;g02_semanal;t1_modelo_g17;t1_version_fw_g17;afectado_por_estrategia;_0_mk_pkms_6b;_1_lls_pkms_6b;_2_ak_pkms_6b;_4_uk_pkms_6b;_5_factory_lls_pkms_6b;_6_factory_mk_pkms_6b;creation_date_mk_pkms_6b;creation_date_lls_pkms_6b;creation_date_ak_pkms_6b;creation_date_uk_pkms_6b;creation_date_factory_lls_pkms_6b;creation_date_factory_mk_pkms_6b;security_status_security;dc_changed_security;meter_dc_status_security;activate_key_status_security;master_key_status_security;authenticate_key_status_security;unicast_key_status_security;master_activation_key_security;global_activation_key_security;fecha_ultimo_s24;fecha_ultimo_acceso_s24;ultimo_estado_s24;active_s24;fecha_ultimo_s31;s31_estado_cliente_dc;s31_mascara_de_claves;s31_cliente_id;fecha_ultimo_s32;origen;cnae;tarifa_activa_s23;tarifa_latente_s23;fecha_activacion_contrato_latente_s23;tr1_s23;tr2_s23;tr3_s23;fecha_ultimo_s23_s23;ruta;fecha_ult_s19_s19;vf_s19;vprime_s19;vf_s06_s19;vprime_s06_s19;fecha_activacion_contrato_activo_s23;lote_manual;lote_telegestionado;consumo_facturado_ultimo_anyo;consumo_facturado_el_penultimo_anyo;ultimo_consumo_facturado;estado_incidencia_ruido;filtros_plc_numero_zeus;filtros_plc_marca_mod_zeus;filtros_plc_fecha_1__inst_zeus;filtros_plc_fecha_ult_inst_zeus;filtros_plc_iguales_zeus;hora_activacion_contrato_latente_s23;hora_activacion_contrato_activo_s23;tarifa_empleado;suministro_no_cortable;suministro_programable;pot_contratada_p1;max_s04;fx_s04;fecha_ult_s04_s04;fecha_fabricacion_s06;ciclos_estimados_zeus;cnt_gmo;cnt_online_gmo;filepath;data_date_ing;op
1656294;22/07/2025 7:38;;28SK66;;;;ZIV0004434395;;49671457;;;;ES0022000000000000AA1P;6067503;;;ZIV0048606736;;12/12/2024;;1.19.02;1.19.02;;;08/12/2024;;;;;;;;;;;;;;;;;;;;;;;;;12/12/2024;;;;;;;;;;1;;A;;;;;;;;;;;;;;;;;;;;;;;;;;;;;;;;;;;;;;;;;;;;;;;;;;;;;;;;;;;;;;;;;;;;;;;;;;;;;;;;;;;;;;;;;;;SI;;;;;;;;;;;;;;;;;;;;;;;;;;;;;;;;;;;;;;;;;;;;;;;;;;;;;;;;;;;;;;;;;;;;;;;;;;;;;;;;;;;;;;;;;;01/06/2025 0:00;16;;;s3://naturgy-dlakeufd-pro/landing/ESIR_SCADA/GRID_CONTADORES/2025/07/21/grid_contadores_2025_07_21.gz;1753056000;I
3676114;22/07/2025 7:38;;28CRQT;;;;ZIV0000036284;;49671457;;;;ES0022000000000000AA1P;8965131;;;SAG0145152367;;12/12/2024;;1.19.02;1.19.02;;;08/12/2024;;;;;;;;;;;;;;;;;;;;;;;;;12/12/2024;;;;;;;;;;1;;A;;;;;;;;;;;;;;;;;;;;;;;;;;;;;;;;;;;;;;;;;;;;;;;;;;;;;;;;;;;;;;;;;;;;;;;;;;;;;;;;;;;;;;;;;;;SI;;;;;;;;;;;;;;;;;;;;;;;;;;;;;;;;;;;;;;;;;;;;;;;;;;;;;;;;;;;;;;;;;;;;;;;;;;;;;;;;;;;;;;;;;;01/07/2025 0:00;16;;;s3://naturgy-dlakeufd-pro/landing/ESIR_SCADA/GRID_CONTADORES/2025/07/21/grid_contadores_2025_07_21.gz;1753056000;I
3853757;22/07/2025 7:38;;;;;;CIR4621326029;;49671457;;;;ES0022000000000000AA1P;8724982;;;SAG0175604573;;12/12/2024;;1.19.02;1.19.02;;;08/12/2024;;;;;;;;;;;;;;;;;;;;;;;;;12/12/2024;;;;;;;;;;1;;A;;;;;;;;;;;;;;;;;;;;;;;;;;;;;;;;;;;;;;;;;;;;;;;;;;;;;;;;;;;;;;;;;;;;;;;;;;;;;;;;;;;;;;;;;;;SI;;;;;;;;;;;;;;;;;;;;;;;;;;;;;;;;;;;;;;;;;;;;;;;;;;;;;;;;;;;;;;;;;;;;;;;;;;;;;;;;;;;;;;;;;;;;;;s3://naturgy-dlakeufd-pro/landing/ESIR_SCADA/GRID_CONTADORES/2025/07/21/grid_contadores_2025_07_21.gz;1753056000;I
744859;22/07/2025 7:38;;32CGQ7;;;;ZIV0004323991;;49671457;;;;ES0022000000000000BH1P;4808682;;;ZIV0042527040;;12/12/2024;;1.19.02;1.19.02;;;08/12/2024;;;;;;;;;;;;;;;;;;;;;;;;;12/12/2024;;;;;;;;;;1;;A;;;;;;;;;;;;;;;;;;;;;;;;;;;;;;;;;;;;;;;;;;;;;;;;;;;;;;;;;;;;;;;;;;;;;;;;;;;;;;;;;;;;;;;;;;;SI;;;;;;;;;;;;;;;;;;;;;;;;;;;;;;;;;;;;;;;;;;;;;;;;;;;;;;;;;;;;;;;;;;;;;;;;;;;;;;;;;;;;;;;;;;01/07/2025 0:00;16;;;s3://naturgy-dlakeufd-pro/landing/ESIR_SCADA/GRID_CONTADORES/2025/07/21/grid_contadores_2025_07_21.gz;1753056000;I
687803;22/07/2025 7:38;;32CB32;;;;ZIV0004373575;;49671457;;;;ES0022000000000000FX1P;4768867;;;SAG0135603005;;12/12/2024;;1.19.02;1.19.02;;;08/12/2024;;;;;;;;;;;;;;;;;;;;;;;;;12/12/2024;;;;;;;;;;1;;A;;;;;;;;;;;;;;;;;;;;;;;;;;;;;;;;;;;;;;;;;;;;;;;;;;;;;;;;;;;;;;;;;;;;;;;;;;;;;;;;;;;;;;;;;;;SI;;;;;;;;;;;;;;;;;;;;;;;;;;;;;;;;;;;;;;;;;;;;;;;;;;;;;;;;;;;;;;;;;;;;;;;;;;;;;;;;;;;;;;;;;;01/07/2025 0:00;2013;;;s3://naturgy-dlakeufd-pro/landing/ESIR_SCADA/GRID_CONTADORES/2025/07/21/grid_contadores_2025_07_21.gz;1753056000;I
1751184;22/07/2025 7:38;;28SA05;;;;ZIV0004400890;;49671457;;;;ES0022000000000000FX1P;6126037;;;SAG0125718334;;12/12/2024;;1.19.02;1.19.02;;;08/12/2024;;;;;;;;;;;;;;;;;;;;;;;;;12/12/2024;;;;;;;;;;1;;A;;;;;;;;;;;;;;;;;;;;;;;;;;;;;;;;;;;;;;;;;;;;;;;;;;;;;;;;;;;;;;;;;;;;;;;;;;;;;;;;;;;;;;;;;;;SI;;;;;;;;;;;;;;;;;;;;;;;;;;;;;;;;;;;;;;;;;;;;;;;;;;;;;;;;;;;;;;;;;;;;;;;;;;;;;;;;;;;;;;;;;;01/06/2025 0:00;2016;;;s3://naturgy-dlakeufd-pro/landing/ESIR_SCADA/GRID_CONTADORES/2025/07/21/grid_contadores_2025_07_21.gz;1753056000;I
3686457;22/07/2025 7:38;;45CJ81;;;;ZIV0004404595;;49671457;;;;ES0022000000000000FX1P;8990326;;;SAG0156146638;;;;;;;;;;;08/12/2024;;;;;;;;;;;;;;;;;;;;;;;;;12/12/2024;;;;;;;;;;1;;A;;;;;;;;;;;;;;;;;;;;;;;;;;;;;;;;;;;;;;;;;;;;;;;;;;;;;;;;;;;;;;;;;;;;;;;;;;;;;;;;;;;;;;;;;;;SI;;;;;;;;;;;;;;;;;;;;;;;;;;;;;;;;;;;;;;;;;;;;;;;;;;;;;;;;;;;;;;;;;;;;;;;;;;;;;;;;;;;;;;;;;;;s3://naturgy-dlakeufd-pro/landing/ESIR_SCADA/GRID_CONTADORES/2025/07/21/grid_contadores_2025_07_21.gz;1753056000;I
2427396;22/07/2025 7:38;;36CV01;;;;CIR4621724819;;49754947;;;;ES0022000000000000FX1P;7174804;;;SAG0175623058;;12/12/2024;;1.19.02;1.19.02;;;08/12/2024;;;;;;;;;;;;;;;;;;;;;;;;;12/12/2024;;;;;;;;;;1;;A;;;;;;;;;;;;;;;;;;;;;;;;;;;;;;;;;;;;;;;;;;;;;;;;;;;;;;;;;;;;;;;;;;;;;;;;;;;;;;;;;;;;;;;;;;;SI;;;;;;;;;;;;;;;;;;;;;;;;;;;;;;;;;;;;;;;;;;;;;;;;;;;;;;;;;;;;;;;;;;;;;;;;;;;;;;;;;;;;;;;;;;01/07/2025 0:00;23;;;s3://naturgy-dlakeufd-pro/landing/ESIR_SCADA/GRID_CONTADORES/2025/07/21/grid_contadores_2025_07_21.gz;1753056000;I
3250489;22/07/2025 7:38;;36S864;;;;ZIV0004312543;;49754947;;;;ES0022000000000000FX1P;7994871;;;ZIV0042715453;;12/12/2024;;1.19.02;1.19.02;;;08/12/2024;;;;;;;;;;;;;;;;;;;;;;;;;12/12/2024;;;;;;;;;;1;;A;;;;;;;;;;;;;;;;;;;;;;;;;;;;;;;;;;;;;;;;;;;;;;;;;;;;;;;;;;;;;;;;;;;;;;;;;;;;;;;;;;;;;;;;;;;SI;;;;;;;;;;;;;;;;;;;;;;;;;;;;;;;;;;;;;;;;;;;;;;;;;;;;;;;;;;;;;;;;;;;;;;;;;;;;;;;;;;;;;;;;;;01/05/2025 0:00;14;;;s3://naturgy-dlakeufd-pro/landing/ESIR_SCADA/GRID_CONTADORES/2025/07/21/grid_contadores_2025_07_21.gz;1753056000;I
1473003;22/07/2025 7:38;;28SMSR;;;;ZIV0004424856;;49754947;;;;ES0022000000000000FX1P;5646338;;;ZIV0035217752;;12/12/2024;;1.19.02;1.19.02;;;08/12/2024;;;;;;;;;;;;;;;;;;;;;;;;;12/12/2024;;;;;;;;;;1;;A;;;;;;;;;;;;;;;;;;;;;;;;;;;;;;;;;;;;;;;;;;;;;;;;;;;;;;;;;;;;;;;;;;;;;;;;;;;;;;;;;;;;;;;;;;;SI;;;;;;;;;;;;;;;;;;;;;;;;;;;;;;;;;;;;;;;;;;;;;;;;;;;;;;;;;;;;;;;;;;;;;;;;;;;;;;;;;;;;;;;;;;01/06/2025 0:00;15;;;s3://naturgy-dlakeufd-pro/landing/ESIR_SCADA/GRID_CONTADORES/2025/07/21/grid_contadores_2025_07_21.gz;1753056000;I
3847552;22/07/2025 7:38;;49A114;;;;ZIV0004304663;;49754947;;;;ES0022000000000000FX1P;8784003;;;SAG0115231355;;12/12/2024;;1.19.02;1.19.02;;;08/12/2024;;;;;;;;;;;;;;;;;;;;;;;;;12/12/2024;;;;;;;;;;1;;A;;;;;;;;;;;;;;;;;;;;;;;;;;;;;;;;;;;;;;;;;;;;;;;;;;;;;;;;;;;;;;;;;;;;;;;;;;;;;;;;;;;;;;;;;;;SI;;;;;;;;;;;;;;;;;;;;;;;;;;;;;;;;;;;;;;;;;;;;;;;;;;;;;;;;;;;;;;;;;;;;;;;;;;;;;;;;;;;;;;;;;;01/07/2025 0:00;2016;;;s3://naturgy-dlakeufd-pro/landing/ESIR_SCADA/GRID_CONTADORES/2025/07/21/grid_contadores_2025_07_21.gz;1753056000;I
3246508;22/07/2025 7:38;;28CGI3;;;;ZIV0004327210;;49754947;;;;ES0022000000000000FX1P;8034075;;;ZIV0048329637;;12/12/2024;;1.19.02;1.19.02;;;08/12/2024;;;;;;;;;;;;;;;;;;;;;;;;;12/12/2024;;;;;;;;;;1;;A;;;;;;;;;;;;;;;;;;;;;;;;;;;;;;;;;;;;;;;;;;;;;;;;;;;;;;;;;;;;;;;;;;;;;;;;;;;;;;;;;;;;;;;;;;;SI;;;;;;;;;;;;;;;;;;;;;;;;;;;;;;;;;;;;;;;;;;;;;;;;;;;;;;;;;;;;;;;;;;;;;;;;;;;;;;;;;;;;;;;;;;01/07/2025 0:00;14;;;s3://naturgy-dlakeufd-pro/landing/ESIR_SCADA/GRID_CONTADORES/2025/07/21/grid_contadores_2025_07_21.gz;1753056000;I
2786633;22/07/2025 7:38;;36CV28;;;;ZIV0004310573;;49754947;;;;ES0022000000000000FX1P;7646112;;;SAG0125727370;;12/12/2024;;1.19.02;1.19.02;;;08/12/2024;;;;;;;;;;;;;;;;;;;;;;;;;12/12/2024;;;;;;;;;;1;;A;;;;;;;;;;;;;;;;;;;;;;;;;;;;;;;;;;;;;;;;;;;;;;;;;;;;;;;;;;;;;;;;;;;;;;;;;;;;;;;;;;;;;;;;;;;SI;;;;;;;;;;;;;;;;;;;;;;;;;;;;;;;;;;;;;;;;;;;;;;;;;;;;;;;;;;;;;;;;;;;;;;;;;;;;;;;;;;;;;;;;;;01/07/2025 0:00;2012;;;s3://naturgy-dlakeufd-pro/landing/ESIR_SCADA/GRID_CONTADORES/2025/07/21/grid_contadores_2025_07_21.gz;1753056000;I
3923561;22/07/2025 7:38;;13SGS5;;;;ZIV0004310867;;49754947;;;;ES0022000000000000FX1P;8779054;;;SAG0175651140;;12/12/2024;;1.19.02;1.19.02;;;08/12/2024;;;;;;;;;;;;;;;;;;;;;;;;;12/12/2024;;;;;;;;;;1;;A;;;;;;;;;;;;;;;;;;;;;;;;;;;;;;;;;;;;;;;;;;;;;;;;;;;;;;;;;;;;;;;;;;;;;;;;;;;;;;;;;;;;;;;;;;;SI;;;;;;;;;;;;;;;;;;;;;;;;;;;;;;;;;;;;;;;;;;;;;;;;;;;;;;;;;;;;;;;;;;;;;;;;;;;;;;;;;;;;;;;;;;01/07/2025 0:00;18;;;s3://naturgy-dlakeufd-pro/landing/ESIR_SCADA/GRID_CONTADORES/2025/07/21/grid_contadores_2025_07_21.gz;1753056000;I
3616234;22/07/2025 7:38;;28SLRH;;;;CIR4621548593;;49754947;;;;ES0022000000000000FX1P;8947142;;;ZIV0042734760;;12/12/2024;;1.19.02;1.19.02;;;08/12/2024;;;;;;;;;;;;;;;;;;;;;;;;;12/12/2024;;;;;;;;;;1;;A;;;;;;;;;;;;;;;;;;;;;;;;;;;;;;;;;;;;;;;;;;;;;;;;;;;;;;;;;;;;;;;;;;;;;;;;;;;;;;;;;;;;;;;;;;;SI;;;;;;;;;;;;;;;;;;;;;;;;;;;;;;;;;;;;;;;;;;;;;;;;;;;;;;;;;;;;;;;;;;;;;;;;;;;;;;;;;;;;;;;;;;01/07/2025 0:00;15;;;s3://naturgy-dlakeufd-pro/landing/ESIR_SCADA/GRID_CONTADORES/2025/07/21/grid_contadores_2025_07_21.gz;1753056000;I
2245510;22/07/2025 7:38;;28S638;;;;ZIV0004312547;;49754947;;;;ES0022000000000000FX1P;6649325;;;SAG0175674142;;;;;;;;;;;08/12/2024;;;;;;;;;;;;;;;;;;;;;;;;;12/12/2024;;;;;;;;;;1;;A;;;;;;;;;;;;;;;;;;;;;;;;;;;;;;;;;;;;;;;;;;;;;;;;;;;;;;;;;;;;;;;;;;;;;;;;;;;;;;;;;;;;;;;;;;;SI;;;;;;;;;;;;;;;;;;;;;;;;;;;;;;;;;;;;;;;;;;;;;;;;;;;;;;;;;;;;;;;;;;;;;;;;;;;;;;;;;;;;;;;01/07/2025 0:00;17;;;s3://naturgy-dlakeufd-pro/landing/ESIR_SCADA/GRID_CONTADORES/2025/07/21/grid_contadores_2025_07_21.gz;1753056000;I
2125400;22/07/2025 7:38;;28S772;;;;ZIV0004425024;;49747047;;;;ES0022000000000000FX1P;6553322;;;ZIV0042461032;;12/12/2024;;1.19.02;1.19.02;;;08/12/2024;;;;;;;;;;;;;;;;;;;;;;;;;12/12/2024;;;;;;;;;;1;;A;;;;;;;;;;;;;;;;;;;;;;;;;;;;;;;;;;;;;;;;;;;;;;;;;;;;;;;;;;;;;;;;;;;;;;;;;;;;;;;;;;;;;;;;;;;SI;;;;;;;;;;;;;;;;;;;;;;;;;;;;;;;;;;;;;;;;;;;;;;;;;;;;;;;;;;;;;;;;;;;;;;;;;;;;;;;;;;;;;;;;;;01/07/2025 0:00;15;;;s3://naturgy-dlakeufd-pro/landing/ESIR_SCADA/GRID_CONTADORES/2025/07/21/grid_contadores_2025_07_21.gz;1753056000;I
619824;22/07/2025 7:38;;36CV27;;;;ZIV0004312437;;49747047;;;;ES0022000000000000FX1P;4685097;;;ZIV0040131733;;12/12/2024;;1.19.02;1.19.02;;;08/12/2024;;;;;;;;;;;;;;;;;;;;;;;;;12/12/2024;;;;;;;;;;1;;A;;;;;;;;;;;;;;;;;;;;;;;;;;;;;;;;;;;;;;;;;;;;;;;;;;;;;;;;;;;;;;;;;;;;;;;;;;;;;;;;;;;;;;;;;;;SI;;;;;;;;;;;;;;;;;;;;;;;;;;;;;;;;;;;;;;;;;;;;;;;;;;;;;;;;;;;;;;;;;;;;;;;;;;;;;;;;;;;;;;;;;;01/07/2025 0:00;15;;;s3://naturgy-dlakeufd-pro/landing/ESIR_SCADA/GRID_CONTADORES/2025/07/21/grid_contadores_2025_07_21.gz;1753056000;I
2518687;22/07/2025 7:38;;28SI02;;;;ZIV0004310999;;49747047;;;;ES0022000000000000FX1P;7278177;;;ZIV0044279507;;12/12/2024;;1.19.02;1.19.02;;;08/12/2024;;;;;;;;;;;;;;;;;;;;;;;;;12/12/2024;;;;;;;;;;1;;A;;;;;;;;;;;;;;;;;;;;;;;;;;;;;;;;;;;;;;;;;;;;;;;;;;;;;;;;;;;;;;;;;;;;;;;;;;;;;;;;;;;;;;;;;;;SI;;;;;;;;;;;;;;;;;;;;;;;;;;;;;;;;;;;;;;;;;;;;;;;;;;;;;;;;;;;;;;;;;;;;;;;;;;;;;;;;;;;;;;;;;;01/07/2025 0:00;16;;;s3://naturgy-dlakeufd-pro/landing/ESIR_SCADA/GRID_CONTADORES/2025/07/21/grid_contadores_2025_07_21.gz;1753056000;I
2374978;22/07/2025 7:38;;13C829;;;;ZIV0004310497;;49747047;;;;ES0022000000000000FX1P;7073030;;;SOG0040059218;;12/12/2024;;1.19.02;1.19.02;;;08/12/2024;;;;;;;;;;;;;;;;;;;;;;;;;12/12/2024;;;;;;;;;;1;;A;;;;;;;;;;;;;;;;;;;;;;;;;;;;;;;;;;;;;;;;;;;;;;;;;;;;;;;;;;;;;;;;;;;;;;;;;;;;;;;;;;;;;;;;;;;SI;;;;;;;;;;;;;;;;;;;;;;;;;;;;;;;;;;;;;;;;;;;;;;;;;;;;;;;;;;;;;;;;;;;;;;;;;;;;;;;;;;;;;;;;;;01/06/2025 0:00;2012;;;s3://naturgy-dlakeufd-pro/landing/ESIR_SCADA/GRID_CONTADORES/2025/07/21/grid_contadores_2025_07_21.gz;1753056000;I
2008205;22/07/2025 7:38;;28CK90;;;;ZIV0004310786;;49747047;;;;ES0022000000000000FX1P;6424783;;;SAG0115282022;;12/12/2024;;1.19.02;1.19.02;;;08/12/2024;;;;;;;;;;;;;;;;;;;;;;;;;12/12/2024;;;;;;;;;;1;;A;;;;;;;;;;;;;;;;;;;;;;;;;;;;;;;;;;;;;;;;;;;;;;;;;;;;;;;;;;;;;;;;;;;;;;;;;;;;;;;;;;;;;;;;;;;SI;;;;;;;;;;;;;;;;;;;;;;;;;;;;;;;;;;;;;;;;;;;;;;;;;;;;;;;;;;;;;;;;;;;;;;;;;;;;;;;;;;;;;;;;;;01/07/2025 0:00;2017;;;s3://naturgy-dlakeufd-pro/landing/ESIR_SCADA/GRID_CONTADORES/2025/07/21/grid_contadores_2025_07_21.gz;1753056000;I
2193010;22/07/2025 7:38;;28SRRW;;;;ZIV0004327734;;49747047;;;;ES0022000000000000FX1P;6615612;;;SAG0155448706;;12/12/2024;;1.19.02;1.19.02;;;08/12/2024;;;;;;;;;;;;;;;;;;;;;;;;;12/12/2024;;;;;;;;;;1;;A;;;;;;;;;;;;;;;;;;;;;;;;;;;;;;;;;;;;;;;;;;;;;;;;;;;;;;;;;;;;;;;;;;;;;;;;;;;;;;;;;;;;;;;;;;;SI;;;;;;;;;;;;;;;;;;;;;;;;;;;;;;;;;;;;;;;;;;;;;;;;;;;;;;;;;;;;;;;;;;;;;;;;;;;;;;;;;;;;;;;;;;01/06/2025 0:00;11;;;s3://naturgy-dlakeufd-pro/landing/ESIR_SCADA/GRID_CONTADORES/2025/07/21/grid_contadores_2025_07_21.gz;1753056000;I
3089491;22/07/2025 7:38;;13CHH4;;;;ZIV0004404602;;49747047;;;;ES0022000000000000FX1P;7847272;;;ITE0131407559;;12/12/2024;;1.19.02;1.19.02;;;08/12/2024;;;;;;;;;;;;;;;;;;;;;;;;;12/12/2024;;;;;;;;;;1;;A;;;;;;;;;;;;;;;;;;;;;;;;;;;;;;;;;;;;;;;;;;;;;;;;;;;;;;;;;;;;;;;;;;;;;;;;;;;;;;;;;;;;;;;;;;;SI;;;;;;;;;;;;;;;;;;;;;;;;;;;;;;;;;;;;;;;;;;;;;;;;;;;;;;;;;;;;;;;;;;;;;;;;;;;;;;;;;;;;;;;;;;01/07/2025 0:00;2020;;;s3://naturgy-dlakeufd-pro/landing/ESIR_SCADA/GRID_CONTADORES/2025/07/21/grid_contadores_2025_07_21.gz;1753056000;I
2221471;22/07/2025 7:38;;;;;;ZIV0004424907;;49747047;;;;ES0022000000000000FX1P;7261081;;;SAG0145202235;;12/12/2024;;1.19.02;1.19.02;;;08/12/2024;;;;;;;;;;;;;;;;;;;;;;;;;12/12/2024;;;;;;;;;;1;;A;;;;;;;;;;;;;;;;;;;;;;;;;;;;;;;;;;;;;;;;;;;;;;;;;;;;;;;;;;;;;;;;;;;;;;;;;;;;;;;;;;;;;;;;;;;SI;;;;;;;;;;;;;;;;;;;;;;;;;;;;;;;;;;;;;;;;;;;;;;;;;;;;;;;;;;;;;;;;;;;;;;;;;;;;;;;;;;;;;;;;;;;;;;s3://naturgy-dlakeufd-pro/landing/ESIR_SCADA/GRID_CONTADORES/2025/07/21/grid_contadores_2025_07_21.gz;1753056000;I
1033356;22/07/2025 7:38;;40C982;;;;ZIV0000036271;;49747047;;;;ES0022000000000000FX1P;5263686;;;ZIV0047315228;;;;;;;;;;;08/12/2024;;;;;;;;;;;;;;;;;;;;;;;;;12/12/2024;;;;;;;;;;1;;A;;;;;;;;;;;;;;;;;;;;;;;;;;;;;;;;;;;;;;;;;;;;;;;;;;;;;;;;;;;;;;;;;;;;;;;;;;;;;;;;;;;;;;;;;;;SI;;;;;;;;;;;;;;;;;;;;;;;;;;;;;;;;;;;;;;;;;;;;;;;;;;;;;;;;;;;;;;;;;;;;;;;;;;;;;;;;;;;;;;;01/07/2025 0:00;17;;;s3://naturgy-dlakeufd-pro/landing/ESIR_SCADA/GRID_CONTADORES/2025/07/21/grid_contadores_2025_07_21.gz;1753056000;I
144894;22/07/2025 7:38;;15SDMQ;;;;CIR4621548524;;49716447;;;;ES0022000000000000FX1P;4133303;;;ZIV0044179948;;12/12/2024;;1.19.02;1.19.02;;;08/12/2024;;;;;;;;;;;;;;;;;;;;;;;;;12/12/2024;;;;;;;;;;1;;A;;;;;;;;;;;;;;;;;;;;;;;;;;;;;;;;;;;;;;;;;;;;;;;;;;;;;;;;;;;;;;;;;;;;;;;;;;;;;;;;;;;;;;;;;;;SI;;;;;;;;;;;;;;;;;;;;;;;;;;;;;;;;;;;;;;;;;;;;;;;;;;;;;;;;;;;;;;;;;;;;;;;;;;;;;;;;;;;;;;;;;;01/07/2025 0:00;2014;;;s3://naturgy-dlakeufd-pro/landing/ESIR_SCADA/GRID_CONTADORES/2025/07/21/grid_contadores_2025_07_21.gz;1753056000;I
3775812;22/07/2025 7:38;;45CU25;;;;CIR4621608095;;49716447;;;;ES0022000000000000FX1P;8593364;;;SOG0040013899;;12/12/2024;;1.19.02;1.19.02;;;08/12/2024;;;;;;;;;;;;;;;;;;;;;;;;;12/12/2024;;;;;;;;;;1;;A;;;;;;;;;;;;;;;;;;;;;;;;;;;;;;;;;;;;;;;;;;;;;;;;;;;;;;;;;;;;;;;;;;;;;;;;;;;;;;;;;;;;;;;;;;;SI;;;;;;;;;;;;;;;;;;;;;;;;;;;;;;;;;;;;;;;;;;;;;;;;;;;;;;;;;;;;;;;;;;;;;;;;;;;;;;;;;;;;;;;;;;01/07/2025 0:00;2015;;;s3://naturgy-dlakeufd-pro/landing/ESIR_SCADA/GRID_CONTADORES/2025/07/21/grid_contadores_2025_07_21.gz;1753056000;I
1376556;22/07/2025 7:38;;;;;;ZIV0004312547;;49716447;;;;ES0022000000000000FX1P;5550685;;;ZIV0044031872;;12/12/2024;;1.19.02;1.19.02;;;08/12/2024;;;;;;;;;;;;;;;;;;;;;;;;;12/12/2024;;;;;;;;;;1;;A;;;;;;;;;;;;;;;;;;;;;;;;;;;;;;;;;;;;;;;;;;;;;;;;;;;;;;;;;;;;;;;;;;;;;;;;;;;;;;;;;;;;;;;;;;;SI;;;;;;;;;;;;;;;;;;;;;;;;;;;;;;;;;;;;;;;;;;;;;;;;;;;;;;;;;;;;;;;;;;;;;;;;;;;;;;;;;;;;;;;;;;;;;;s3://naturgy-dlakeufd-pro/landing/ESIR_SCADA/GRID_CONTADORES/2025/07/21/grid_contadores_2025_07_21.gz;1753056000;I
507436;22/07/2025 7:38;;36C412;;;;ZIV0000034906;;49716447;;;;ES0022000000000000FX1P;4569361;;;SAG0125724224;;12/12/2024;;1.19.02;1.19.02;;;08/12/2024;;;;;;;;;;;;;;;;;;;;;;;;;12/12/2024;;;;;;;;;;1;;A;;;;;;;;;;;;;;;;;;;;;;;;;;;;;;;;;;;;;;;;;;;;;;;;;;;;;;;;;;;;;;;;;;;;;;;;;;;;;;;;;;;;;;;;;;;SI;;;;;;;;;;;;;;;;;;;;;;;;;;;;;;;;;;;;;;;;;;;;;;;;;;;;;;;;;;;;;;;;;;;;;;;;;;;;;;;;;;;;;;;;;;01/06/2025 0:00;14;;;s3://naturgy-dlakeufd-pro/landing/ESIR_SCADA/GRID_CONTADORES/2025/07/21/grid_contadores_2025_07_21.gz;1753056000;I
627159;22/07/2025 7:38;;32S687;;;;ZIV0004424805;;49716447;;;;ES0022000000000000FX1P;4751743;;;SAG0145245397;;12/12/2024;;1.19.02;1.19.02;;;08/12/2024;;;;;;;;;;;;;;;;;;;;;;;;;12/12/2024;;;;;;;;;;1;;A;;;;;;;;;;;;;;;;;;;;;;;;;;;;;;;;;;;;;;;;;;;;;;;;;;;;;;;;;;;;;;;;;;;;;;;;;;;;;;;;;;;;;;;;;;;SI;;;;;;;;;;;;;;;;;;;;;;;;;;;;;;;;;;;;;;;;;;;;;;;;;;;;;;;;;;;;;;;;;;;;;;;;;;;;;;;;;;;;;;;;;;01/07/2025 0:00;2014;;;s3://naturgy-dlakeufd-pro/landing/ESIR_SCADA/GRID_CONTADORES/2025/07/21/grid_contadores_2025_07_21.gz;1753056000;I
305591;22/07/2025 7:38;;15CKB4;;;;ZIV0004312395;;49716447;;;;ES0022000000000000FX1P;4311326;;;SOG0940250864;;12/12/2024;;1.19.02;1.19.02;;;08/12/2024;;;;;;;;;;;;;;;;;;;;;;;;;12/12/2024;;;;;;;;;;1;;A;;;;;;;;;;;;;;;;;;;;;;;;;;;;;;;;;;;;;;;;;;;;;;;;;;;;;;;;;;;;;;;;;;;;;;;;;;;;;;;;;;;;;;;;;;;SI;;;;;;;;;;;;;;;;;;;;;;;;;;;;;;;;;;;;;;;;;;;;;;;;;;;;;;;;;;;;;;;;;;;;;;;;;;;;;;;;;;;;;;;;;;01/07/2025 0:00;16;;;s3://naturgy-dlakeufd-pro/landing/ESIR_SCADA/GRID_CONTADORES/2025/07/21/grid_contadores_2025_07_21.gz;1753056000;I
2448425;22/07/2025 7:38;;24CL09;;;;CIR4621439121;;49716447;;;;ES0022000000000000FX1P;7230105;;;ZIV0047369723;;12/12/2024;;1.19.02;1.19.02;;;08/12/2024;;;;;;;;;;;;;;;;;;;;;;;;;12/12/2024;;;;;;;;;;1;;A;;;;;;;;;;;;;;;;;;;;;;;;;;;;;;;;;;;;;;;;;;;;;;;;;;;;;;;;;;;;;;;;;;;;;;;;;;;;;;;;;;;;;;;;;;;SI;;;;;;;;;;;;;;;;;;;;;;;;;;;;;;;;;;;;;;;;;;;;;;;;;;;;;;;;;;;;;;;;;;;;;;;;;;;;;;;;;;;;;;;;;;01/07/2025 0:00;2022;;;s3://naturgy-dlakeufd-pro/landing/ESIR_SCADA/GRID_CONTADORES/2025/07/21/grid_contadores_2025_07_21.gz;1753056000;I
2886981;22/07/2025 7:38;;28ST76;;;;ZIV0004310736;;49716447;;;;ES0022000000000000FX1P;7629245;;;SOG0940062089;;12/12/2024;;1.19.02;1.19.02;;;08/12/2024;;;;;;;;;;;;;;;;;;;;;;;;;12/12/2024;;;;;;;;;;1;;A;;;;;;;;;;;;;;;;;;;;;;;;;;;;;;;;;;;;;;;;;;;;;;;;;;;;;;;;;;;;;;;;;;;;;;;;;;;;;;;;;;;;;;;;;;;SI;;;;;;;;;;;;;;;;;;;;;;;;;;;;;;;;;;;;;;;;;;;;;;;;;;;;;;;;;;;;;;;;;;;;;;;;;;;;;;;;;;;;;;;;;;01/07/2025 0:00;2016;;;s3://naturgy-dlakeufd-pro/landing/ESIR_SCADA/GRID_CONTADORES/2025/07/21/grid_contadores_2025_07_21.gz;1753056000;I
2320249;22/07/2025 7:38;;28SA05;;;;ZIV0004324344;;49716447;;;;ES0022000000000000FX1P;7494739;;;ZIV0044147091;;;;;;;;;;;08/12/2024;;;;;;;;;;;;;;;;;;;;;;;;;12/12/2024;;;;;;;;;;1;;A;;;;;;;;;;;;;;;;;;;;;;;;;;;;;;;;;;;;;;;;;;;;;;;;;;;;;;;;;;;;;;;;;;;;;;;;;;;;;;;;;;;;;;;;;;;SI;;;;;;;;;;;;;;;;;;;;;;;;;;;;;;;;;;;;;;;;;;;;;;;;;;;;;;;;;;;;;;;;;;;;;;;;;;;;;;;;;;;;;;;01/07/2025 0:00;2016;;;s3://naturgy-dlakeufd-pro/landing/ESIR_SCADA/GRID_CONTADORES/2025/07/21/grid_contadores_2025_07_21.gz;1753056000;I
1292980;22/07/2025 7:38;;19S507;;;;ZIV0004310744;;49695347;;;;ES0022000000000000FX1P;5450958;;;ZIV0039368994;;12/12/2024;;1.19.02;1.19.02;;;08/12/2024;;;;;;;;;;;;;;;;;;;;;;;;;12/12/2024;;;;;;;;;;1;;A;;;;;;;;;;;;;;;;;;;;;;;;;;;;;;;;;;;;;;;;;;;;;;;;;;;;;;;;;;;;;;;;;;;;;;;;;;;;;;;;;;;;;;;;;;;SI;;;;;;;;;;;;;;;;;;;;;;;;;;;;;;;;;;;;;;;;;;;;;;;;;;;;;;;;;;;;;;;;;;;;;;;;;;;;;;;;;;;;;;;;;;01/07/2025 0:00;14;;;s3://naturgy-dlakeufd-pro/landing/ESIR_SCADA/GRID_CONTADORES/2025/07/21/grid_contadores_2025_07_21.gz;1753056000;I
2587490;22/07/2025 7:38;;24CFY6;;;;ZIV0004304627;;49695347;;;;ES0022000000000000FX1P;7327003;;;SAG0135285884;;12/12/2024;;1.19.02;1.19.02;;;08/12/2024;;;;;;;;;;;;;;;;;;;;;;;;;12/12/2024;;;;;;;;;;1;;A;;;;;;;;;;;;;;;;;;;;;;;;;;;;;;;;;;;;;;;;;;;;;;;;;;;;;;;;;;;;;;;;;;;;;;;;;;;;;;;;;;;;;;;;;;;SI;;;;;;;;;;;;;;;;;;;;;;;;;;;;;;;;;;;;;;;;;;;;;;;;;;;;;;;;;;;;;;;;;;;;;;;;;;;;;;;;;;;;;;;;;;01/07/2025 0:00;2013;;;s3://naturgy-dlakeufd-pro/landing/ESIR_SCADA/GRID_CONTADORES/2025/07/21/grid_contadores_2025_07_21.gz;1753056000;I
857987;22/07/2025 7:38;;32AI03;;;;ZIV0004323991;;49695347;;;;ES0022000000000000FX1P;4937099;;;ZIV0045925821;;12/12/2024;;1.19.02;1.19.02;;;08/12/2024;;;;;;;;;;;;;;;;;;;;;;;;;12/12/2024;;;;;;;;;;1;;A;;;;;;;;;;;;;;;;;;;;;;;;;;;;;;;;;;;;;;;;;;;;;;;;;;;;;;;;;;;;;;;;;;;;;;;;;;;;;;;;;;;;;;;;;;;SI;;;;;;;;;;;;;;;;;;;;;;;;;;;;;;;;;;;;;;;;;;;;;;;;;;;;;;;;;;;;;;;;;;;;;;;;;;;;;;;;;;;;;;;;;;01/07/2025 0:00;2016;;;s3://naturgy-dlakeufd-pro/landing/ESIR_SCADA/GRID_CONTADORES/2025/07/21/grid_contadores_2025_07_21.gz;1753056000;I
2950565;22/07/2025 7:38;;15SBM4;;;;ZIV0004312500;;49695347;;;;ES0022000000000000FX1P;7825045;;;ZIV0042313611;;12/12/2024;;1.19.02;1.19.02;;;08/12/2024;;;;;;;;;;;;;;;;;;;;;;;;;12/12/2024;;;;;;;;;;1;;A;;;;;;;;;;;;;;;;;;;;;;;;;;;;;;;;;;;;;;;;;;;;;;;;;;;;;;;;;;;;;;;;;;;;;;;;;;;;;;;;;;;;;;;;;;;SI;;;;;;;;;;;;;;;;;;;;;;;;;;;;;;;;;;;;;;;;;;;;;;;;;;;;;;;;;;;;;;;;;;;;;;;;;;;;;;;;;;;;;;;;;;01/07/2025 0:00;12;;;s3://naturgy-dlakeufd-pro/landing/ESIR_SCADA/GRID_CONTADORES/2025/07/21/grid_contadores_2025_07_21.gz;1753056000;I
742233;22/07/2025 7:38;;27CW99;;;;ZIV0004327498;;49695347;;;;ES0022000000000000FX1P;4907390;;;SOG0040103099;;12/12/2024;;1.19.02;1.19.02;;;08/12/2024;;;;;;;;;;;;;;;;;;;;;;;;;12/12/2024;;;;;;;;;;1;;A;;;;;;;;;;;;;;;;;;;;;;;;;;;;;;;;;;;;;;;;;;;;;;;;;;;;;;;;;;;;;;;;;;;;;;;;;;;;;;;;;;;;;;;;;;;SI;;;;;;;;;;;;;;;;;;;;;;;;;;;;;;;;;;;;;;;;;;;;;;;;;;;;;;;;;;;;;;;;;;;;;;;;;;;;;;;;;;;;;;;;;;01/07/2025 0:00;2019;;;s3://naturgy-dlakeufd-pro/landing/ESIR_SCADA/GRID_CONTADORES/2025/07/21/grid_contadores_2025_07_21.gz;1753056000;I
3333612;22/07/2025 7:38;;15SPK7;;;;ZIV0000034899;;49695347;;;;ES0022000000000000FX1P;8047503;;;SOG0940023315;;12/12/2024;;1.19.02;1.19.02;;;08/12/2024;;;;;;;;;;;;;;;;;;;;;;;;;12/12/2024;;;;;;;;;;1;;A;;;;;;;;;;;;;;;;;;;;;;;;;;;;;;;;;;;;;;;;;;;;;;;;;;;;;;;;;;;;;;;;;;;;;;;;;;;;;;;;;;;;;;;;;;;SI;;;;;;;;;;;;;;;;;;;;;;;;;;;;;;;;;;;;;;;;;;;;;;;;;;;;;;;;;;;;;;;;;;;;;;;;;;;;;;;;;;;;;;;;;;01/07/2025 0:00;12;;;s3://naturgy-dlakeufd-pro/landing/ESIR_SCADA/GRID_CONTADORES/2025/07/21/grid_contadores_2025_07_21.gz;1753056000;I
3403786;22/07/2025 7:38;;28SHJH;;;;ZIV0004311040;;49695347;;;;ES0022000000000000NN1P;8623203;;;ITE0151780616;;12/12/2024;;1.19.02;1.19.02;;;08/12/2024;;;;;;;;;;;;;;;;;;;;;;;;;12/12/2024;;;;;;;;;;1;;A;;;;;;;;;;;;;;;;;;;;;;;;;;;;;;;;;;;;;;;;;;;;;;;;;;;;;;;;;;;;;;;;;;;;;;;;;;;;;;;;;;;;;;;;;;;SI;;;;;;;;;;;;;;;;;;;;;;;;;;;;;;;;;;;;;;;;;;;;;;;;;;;;;;;;;;;;;;;;;;;;;;;;;;;;;;;;;;;;;;;;;;01/07/2025 0:00;2011;;;s3://naturgy-dlakeufd-pro/landing/ESIR_SCADA/GRID_CONTADORES/2025/07/21/grid_contadores_2025_07_21.gz;1753056000;I
422173;22/07/2025 7:38;;36AZ06;;;;ZIV0004323991;;49695347;;;;ES0022000000000000SP1P;4478742;;;ZIV0040878202;;12/12/2024;;1.19.02;1.19.02;;;08/12/2024;;;;;;;;;;;;;;;;;;;;;;;;;12/12/2024;;;;;;;;;;1;;A;;;;;;;;;;;;;;;;;;;;;;;;;;;;;;;;;;;;;;;;;;;;;;;;;;;;;;;;;;;;;;;;;;;;;;;;;;;;;;;;;;;;;;;;;;;SI;;;;;;;;;;;;;;;;;;;;;;;;;;;;;;;;;;;;;;;;;;;;;;;;;;;;;;;;;;;;;;;;;;;;;;;;;;;;;;;;;;;;;;;;;;01/07/2025 0:00;2016;;;s3://naturgy-dlakeufd-pro/landing/ESIR_SCADA/GRID_CONTADORES/2025/07/21/grid_contadores_2025_07_21.gz;1753056000;I
2711950;22/07/2025 7:38;;13C426;;;;ZIV0004324117;;49695347;;;;ES0022000000000000WW1P;7386555;;;ZIV0043980575;;;;;;;;;;;08/12/2024;;;;;;;;;;;;;;;;;;;;;;;;;12/12/2024;;;;;;;;;;1;;A;;;;;;;;;;;;;;;;;;;;;;;;;;;;;;;;;;;;;;;;;;;;;;;;;;;;;;;;;;;;;;;;;;;;;;;;;;;;;;;;;;;;;;;;;;;SI;;;;;;;;;;;;;;;;;;;;;;;;;;;;;;;;;;;;;;;;;;;;;;;;;;;;;;;;;;;;;;;;;;;;;;;;;;;;;;;;;;;;;;;01/07/2025 0:00;2012;;;s3://naturgy-dlakeufd-pro/landing/ESIR_SCADA/GRID_CONTADORES/2025/07/21/grid_contadores_2025_07_21.gz;1753056000;I
2601138;22/07/2025 7:38;;13CSS9;;;;ZIV0004389601;;49758647;;;;ES0022000000000074XS1P;7324980;;;ZIV0045913272;;12/12/2024;;1.19.02;1.19.02;;;08/12/2024;;;;;;;;;;;;;;;;;;;;;;;;;12/12/2024;;;;;;;;;;1;;A;;;;;;;;;;;;;;;;;;;;;;;;;;;;;;;;;;;;;;;;;;;;;;;;;;;;;;;;;;;;;;;;;;;;;;;;;;;;;;;;;;;;;;;;;;;SI;;;;;;;;;;;;;;;;;;;;;;;;;;;;;;;;;;;;;;;;;;;;;;;;;;;;;;;;;;;;;;;;;;;;;;;;;;;;;;;;;;;;;;;;;;01/07/2025 0:00;2014;;;s3://naturgy-dlakeufd-pro/landing/ESIR_SCADA/GRID_CONTADORES/2025/07/21/grid_contadores_2025_07_21.gz;1753056000;I
829605;22/07/2025 7:38;;27C687;;;;ZIV0004327542;;49758647;;;;ES0022000000000664JF1P;4941380;;;ZIV0040113545;;12/12/2024;;1.19.02;1.19.02;;;08/12/2024;;;;;;;;;;;;;;;;;;;;;;;;;12/12/2024;;;;;;;;;;1;;A;;;;;;;;;;;;;;;;;;;;;;;;;;;;;;;;;;;;;;;;;;;;;;;;;;;;;;;;;;;;;;;;;;;;;;;;;;;;;;;;;;;;;;;;;;;SI;;;;;;;;;;;;;;;;;;;;;;;;;;;;;;;;;;;;;;;;;;;;;;;;;;;;;;;;;;;;;;;;;;;;;;;;;;;;;;;;;;;;;;;;;;01/07/2025 0:00;2016;;;s3://naturgy-dlakeufd-pro/landing/ESIR_SCADA/GRID_CONTADORES/2025/07/21/grid_contadores_2025_07_21.gz;1753056000;I
1006921;22/07/2025 7:38;;13CJ38;;;;ZIV0004330804;;49758647;;;;ES0022000000011716XL1P;5106963;;;ORB0000621475;;12/12/2024;;1.19.02;1.19.02;;;08/12/2024;;;;;;;;;;;;;;;;;;;;;;;;;12/12/2024;;;;;;;;;;1;;A;;;;;;;;;;;;;;;;;;;;;;;;;;;;;;;;;;;;;;;;;;;;;;;;;;;;;;;;;;;;;;;;;;;;;;;;;;;;;;;;;;;;;;;;;;;SI;;;;;;;;;;;;;;;;;;;;;;;;;;;;;;;;;;;;;;;;;;;;;;;;;;;;;;;;;;;;;;;;;;;;;;;;;;;;;;;;;;;;;;;;;;01/07/2025 0:00;2015;;;s3://naturgy-dlakeufd-pro/landing/ESIR_SCADA/GRID_CONTADORES/2025/07/21/grid_contadores_2025_07_21.gz;1753056000;I
3988989;22/07/2025 7:38;;15A315;;;;ZIV0004323952;;49758647;;;;ES0022000000012110GE1P;9018749;;;ZIV0042810640;;12/12/2024;;1.19.02;1.19.02;;;08/12/2024;;;;;;;;;;;;;;;;;;;;;;;;;12/12/2024;;;;;;;;;;1;;A;;;;;;;;;;;;;;;;;;;;;;;;;;;;;;;;;;;;;;;;;;;;;;;;;;;;;;;;;;;;;;;;;;;;;;;;;;;;;;;;;;;;;;;;;;;SI;;;;;;;;;;;;;;;;;;;;;;;;;;;;;;;;;;;;;;;;;;;;;;;;;;;;;;;;;;;;;;;;;;;;;;;;;;;;;;;;;;;;;;;;;;01/07/2025 0:00;2016;;;s3://naturgy-dlakeufd-pro/landing/ESIR_SCADA/GRID_CONTADORES/2025/07/21/grid_contadores_2025_07_21.gz;1753056000;I
3732933;22/07/2025 7:38;;19C624;;;;ZIV0004354506;;49758647;;;;ES0022000000012111MT1P;8608614;;;SOG0040038729;;12/12/2024;;1.19.02;1.19.02;;;08/12/2024;;;;;;;;;;;;;;;;;;;;;;;;;12/12/2024;;;;;;;;;;1;;A;;;;;;;;;;;;;;;;;;;;;;;;;;;;;;;;;;;;;;;;;;;;;;;;;;;;;;;;;;;;;;;;;;;;;;;;;;;;;;;;;;;;;;;;;;;SI;;;;;;;;;;;;;;;;;;;;;;;;;;;;;;;;;;;;;;;;;;;;;;;;;;;;;;;;;;;;;;;;;;;;;;;;;;;;;;;;;;;;;;;;;;01/07/2025 0:00;16;;;s3://naturgy-dlakeufd-pro/landing/ESIR_SCADA/GRID_CONTADORES/2025/07/21/grid_contadores_2025_07_21.gz;1753056000;I
421919;22/07/2025 7:38;;36CB99;;;;ZIV0004327606;;49758647;;;;ES0022000000012122MB1P;4433578;;;SAG0156102562;;12/12/2024;;1.19.02;1.19.02;;;08/12/2024;;;;;;;;;;;;;;;;;;;;;;;;;12/12/2024;;;;;;;;;;1;;A;;;;;;;;;;;;;;;;;;;;;;;;;;;;;;;;;;;;;;;;;;;;;;;;;;;;;;;;;;;;;;;;;;;;;;;;;;;;;;;;;;;;;;;;;;;SI;;;;;;;;;;;;;;;;;;;;;;;;;;;;;;;;;;;;;;;;;;;;;;;;;;;;;;;;;;;;;;;;;;;;;;;;;;;;;;;;;;;;;;;;;;01/07/2025 0:00;17;;;s3://naturgy-dlakeufd-pro/landing/ESIR_SCADA/GRID_CONTADORES/2025/07/21/grid_contadores_2025_07_21.gz;1753056000;I
391141;22/07/2025 7:38;;36CGT0;;;;ZIV0004311120;;49758647;;;;ES0022000000012122MB1P;4462727;;;ZIV0048674071;;12/12/2024;;1.19.02;1.19.02;;;08/12/2024;;;;;;;;;;;;;;;;;;;;;;;;;12/12/2024;;;;;;;;;;1;;A;;;;;;;;;;;;;;;;;;;;;;;;;;;;;;;;;;;;;;;;;;;;;;;;;;;;;;;;;;;;;;;;;;;;;;;;;;;;;;;;;;;;;;;;;;;SI;;;;;;;;;;;;;;;;;;;;;;;;;;;;;;;;;;;;;;;;;;;;;;;;;;;;;;;;;;;;;;;;;;;;;;;;;;;;;;;;;;;;;;;;;;01/07/2025 0:00;2015;;;s3://naturgy-dlakeufd-pro/landing/ESIR_SCADA/GRID_CONTADORES/2025/07/21/grid_contadores_2025_07_21.gz;1753056000;I
3444440;22/07/2025 7:38;;32A308;;;;CIR4621710505;;49758647;;;;ES0022000000012122MB1P;8286471;;;ZIV0040293017;;12/12/2024;;1.19.02;1.19.02;;;08/12/2024;;;;;;;;;;;;;;;;;;;;;;;;;12/12/2024;;;;;;;;;;1;;A;;;;;;;;;;;;;;;;;;;;;;;;;;;;;;;;;;;;;;;;;;;;;;;;;;;;;;;;;;;;;;;;;;;;;;;;;;;;;;;;;;;;;;;;;;;SI;;;;;;;;;;;;;;;;;;;;;;;;;;;;;;;;;;;;;;;;;;;;;;;;;;;;;;;;;;;;;;;;;;;;;;;;;;;;;;;;;;;;;;;;;;01/07/2025 0:00;2012;;;s3://naturgy-dlakeufd-pro/landing/ESIR_SCADA/GRID_CONTADORES/2025/07/21/grid_contadores_2025_07_21.gz;1753056000;I
532454;22/07/2025 7:38;;36SZ24;;;;ZIV0004324248;;49758647;;;;ES0022000000012130ML1P;4553910;;;ZIV0039374379;;;;;;;;;;;08/12/2024;;;;;;;;;;;;;;;;;;;;;;;;;12/12/2024;;;;;;;;;;1;;A;;;;;;;;;;;;;;;;;;;;;;;;;;;;;;;;;;;;;;;;;;;;;;;;;;;;;;;;;;;;;;;;;;;;;;;;;;;;;;;;;;;;;;;;;;;SI;;;;;;;;;;;;;;;;;;;;;;;;;;;;;;;;;;;;;;;;;;;;;;;;;;;;;;;;;;;;;;;;;;;;;;;;;;;;;;;;;;;;;;;01/07/2025 0:00;19;;;s3://naturgy-dlakeufd-pro/landing/ESIR_SCADA/GRID_CONTADORES/2025/07/21/grid_contadores_2025_07_21.gz;1753056000;I
972890;22/07/2025 7:38;;13CIJ6;;;;ZIV0004312522;;49717647;;;;ES0022000000012130ML1P;5082549;;;SOG0940091135;;12/12/2024;;1.19.02;1.19.02;;;08/12/2024;;;;;;;;;;;;;;;;;;;;;;;;;12/12/2024;;;;;;;;;;1;;A;;;;;;;;;;;;;;;;;;;;;;;;;;;;;;;;;;;;;;;;;;;;;;;;;;;;;;;;;;;;;;;;;;;;;;;;;;;;;;;;;;;;;;;;;;;SI;;;;;;;;;;;;;;;;;;;;;;;;;;;;;;;;;;;;;;;;;;;;;;;;;;;;;;;;;;;;;;;;;;;;;;;;;;;;;;;;;;;;;;;;;;01/07/2025 0:00;2016;;;s3://naturgy-dlakeufd-pro/landing/ESIR_SCADA/GRID_CONTADORES/2025/07/21/grid_contadores_2025_07_21.gz;1753056000;I
3620890;22/07/2025 7:38;;15CJ12;;;;ZIV0004304610;;49717647;;;;ES0022000000012130ML1P;8458232;;;ZIV0044054507;;12/12/2024;;1.19.02;1.19.02;;;08/12/2024;;;;;;;;;;;;;;;;;;;;;;;;;12/12/2024;;;;;;;;;;1;;A;;;;;;;;;;;;;;;;;;;;;;;;;;;;;;;;;;;;;;;;;;;;;;;;;;;;;;;;;;;;;;;;;;;;;;;;;;;;;;;;;;;;;;;;;;;SI;;;;;;;;;;;;;;;;;;;;;;;;;;;;;;;;;;;;;;;;;;;;;;;;;;;;;;;;;;;;;;;;;;;;;;;;;;;;;;;;;;;;;;;;;;01/07/2025 0:00;2016;;;s3://naturgy-dlakeufd-pro/landing/ESIR_SCADA/GRID_CONTADORES/2025/07/21/grid_contadores_2025_07_21.gz;1753056000;I
2121192;22/07/2025 7:38;;28SS03;;;;ZIV0004316711;;49717647;;;;ES0022000000012177FC1P;6581362;;;ZIV0042442408;;12/12/2024;;1.19.02;1.19.02;;;08/12/2024;;;;;;;;;;;;;;;;;;;;;;;;;12/12/2024;;;;;;;;;;1;;A;;;;;;;;;;;;;;;;;;;;;;;;;;;;;;;;;;;;;;;;;;;;;;;;;;;;;;;;;;;;;;;;;;;;;;;;;;;;;;;;;;;;;;;;;;;SI;;;;;;;;;;;;;;;;;;;;;;;;;;;;;;;;;;;;;;;;;;;;;;;;;;;;;;;;;;;;;;;;;;;;;;;;;;;;;;;;;;;;;;;;;;01/07/2025 0:00;14;;;s3://naturgy-dlakeufd-pro/landing/ESIR_SCADA/GRID_CONTADORES/2025/07/21/grid_contadores_2025_07_21.gz;1753056000;I
3101717;22/07/2025 7:38;;45CR32;;;;ZIV0004310626;;49717647;;;;ES0022000000012185PM1P;7903685;;;ZIV0044029049;;12/12/2024;;1.19.02;1.19.02;;;08/12/2024;;;;;;;;;;;;;;;;;;;;;;;;;12/12/2024;;;;;;;;;;1;;A;;;;;;;;;;;;;;;;;;;;;;;;;;;;;;;;;;;;;;;;;;;;;;;;;;;;;;;;;;;;;;;;;;;;;;;;;;;;;;;;;;;;;;;;;;;SI;;;;;;;;;;;;;;;;;;;;;;;;;;;;;;;;;;;;;;;;;;;;;;;;;;;;;;;;;;;;;;;;;;;;;;;;;;;;;;;;;;;;;;;;;;01/07/2025 0:00;2012;;;s3://naturgy-dlakeufd-pro/landing/ESIR_SCADA/GRID_CONTADORES/2025/07/21/grid_contadores_2025_07_21.gz;1753056000;I
2119573;22/07/2025 7:38;;28SG24;;;;ZIV0004304628;;49717647;;;;ES0022000000012185PM1P;6481310;;;ZIV0044057727;;12/12/2024;;1.19.02;1.19.02;;;08/12/2024;;;;;;;;;;;;;;;;;;;;;;;;;12/12/2024;;;;;;;;;;1;;A;;;;;;;;;;;;;;;;;;;;;;;;;;;;;;;;;;;;;;;;;;;;;;;;;;;;;;;;;;;;;;;;;;;;;;;;;;;;;;;;;;;;;;;;;;;SI;;;;;;;;;;;;;;;;;;;;;;;;;;;;;;;;;;;;;;;;;;;;;;;;;;;;;;;;;;;;;;;;;;;;;;;;;;;;;;;;;;;;;;;;;;01/07/2025 0:00;15;;;s3://naturgy-dlakeufd-pro/landing/ESIR_SCADA/GRID_CONTADORES/2025/07/21/grid_contadores_2025_07_21.gz;1753056000;I
3742280;22/07/2025 7:38;;32CDM4;;;;ZIV0004404667;;49717647;;;;ES0022000000012189PD1P;8563396;;;LGZ0011721699;;12/12/2024;;1.19.02;1.19.02;;;08/12/2024;;;;;;;;;;;;;;;;;;;;;;;;;12/12/2024;;;;;;;;;;1;;A;;;;;;;;;;;;;;;;;;;;;;;;;;;;;;;;;;;;;;;;;;;;;;;;;;;;;;;;;;;;;;;;;;;;;;;;;;;;;;;;;;;;;;;;;;;SI;;;;;;;;;;;;;;;;;;;;;;;;;;;;;;;;;;;;;;;;;;;;;;;;;;;;;;;;;;;;;;;;;;;;;;;;;;;;;;;;;;;;;;;;;;01/07/2025 0:00;2012;;;s3://naturgy-dlakeufd-pro/landing/ESIR_SCADA/GRID_CONTADORES/2025/07/21/grid_contadores_2025_07_21.gz;1753056000;I
546921;22/07/2025 7:38;;36CQK3;;;;ZIV0004354363;;49717647;;;;ES0022000000012204DR1P;4629934;;;ZIV0042507197;;12/12/2024;;1.19.02;1.19.02;;;08/12/2024;;;;;;;;;;;;;;;;;;;;;;;;;12/12/2024;;;;;;;;;;1;;A;;;;;;;;;;;;;;;;;;;;;;;;;;;;;;;;;;;;;;;;;;;;;;;;;;;;;;;;;;;;;;;;;;;;;;;;;;;;;;;;;;;;;;;;;;;SI;;;;;;;;;;;;;;;;;;;;;;;;;;;;;;;;;;;;;;;;;;;;;;;;;;;;;;;;;;;;;;;;;;;;;;;;;;;;;;;;;;;;;;;;;;01/07/2025 0:00;2016;;;s3://naturgy-dlakeufd-pro/landing/ESIR_SCADA/GRID_CONTADORES/2025/07/21/grid_contadores_2025_07_21.gz;1753056000;I
45728910;22/07/2025 7:38;;45CBDQ;;;;ZIV0004324347;;49717647;;;;ES0022000000020535AY1P;1330944;;;ZIV0044225357;;12/12/2024;;1.19.02;1.19.02;;;08/12/2024;;;;;;;;;;;;;;;;;;;;;;;;;12/12/2024;;;;;;;;;;1;;A;;;;;;;;;;;;;;;;;;;;;;;;;;;;;;;;;;;;;;;;;;;;;;;;;;;;;;;;;;;;;;;;;;;;;;;;;;;;;;;;;;;;;;;;;;;SI;;;;;;;;;;;;;;;;;;;;;;;;;;;;;;;;;;;;;;;;;;;;;;;;;;;;;;;;;;;;;;;;;;;;;;;;;;;;;;;;;;;;;;;;;;01/07/2025 0:00;2022;;;s3://naturgy-dlakeufd-pro/landing/ESIR_SCADA/GRID_CONTADORES/2025/07/21/grid_contadores_2025_07_21.gz;1753056000;I
1071657;22/07/2025 7:38;;40CW09;;;;ZIV0004424894;;49717647;;;;ES0022000000044652QL1P;5228020;;;SAG0175672910;;;;;;;;;;;08/12/2024;;;;;;;;;;;;;;;;;;;;;;;;;12/12/2024;;;;;;;;;;1;;A;;;;;;;;;;;;;;;;;;;;;;;;;;;;;;;;;;;;;;;;;;;;;;;;;;;;;;;;;;;;;;;;;;;;;;;;;;;;;;;;;;;;;;;;;;;SI;;;;;;;;;;;;;;;;;;;;;;;;;;;;;;;;;;;;;;;;;;;;;;;;;;;;;;;;;;;;;;;;;;;;;;;;;;;;;;;;;;;;;;;01/07/2025 0:00;;;;s3://naturgy-dlakeufd-pro/landing/ESIR_SCADA/GRID_CONTADORES/2025/07/21/grid_contadores_2025_07_21.gz;1753056000;I
2737251;22/07/2025 7:38;;13C781;;;;ZIV0004312512;;49662447;;;;ES0022000000045235LG1P;7471488;;;LGZ0098283965;;12/12/2024;;1.19.02;1.19.02;;;08/12/2024;;;;;;;;;;;;;;;;;;;;;;;;;12/12/2024;;;;;;;;;;1;;A;;;;;;;;;;;;;;;;;;;;;;;;;;;;;;;;;;;;;;;;;;;;;;;;;;;;;;;;;;;;;;;;;;;;;;;;;;;;;;;;;;;;;;;;;;;SI;;;;;;;;;;;;;;;;;;;;;;;;;;;;;;;;;;;;;;;;;;;;;;;;;;;;;;;;;;;;;;;;;;;;;;;;;;;;;;;;;;;;;;;;;;01/06/2025 0:00;2019;;;s3://naturgy-dlakeufd-pro/landing/ESIR_SCADA/GRID_CONTADORES/2025/07/21/grid_contadores_2025_07_21.gz;1753056000;I
1990332;22/07/2025 7:38;;28SG25;;;;ZIV0004346595;;49662447;;;;ES0022000000049426VD1P;6470198;;;SOG0940019404;;12/12/2024;;1.19.02;1.19.02;;;08/12/2024;;;;;;;;;;;;;;;;;;;;;;;;;12/12/2024;;;;;;;;;;1;;A;;;;;;;;;;;;;;;;;;;;;;;;;;;;;;;;;;;;;;;;;;;;;;;;;;;;;;;;;;;;;;;;;;;;;;;;;;;;;;;;;;;;;;;;;;;SI;;;;;;;;;;;;;;;;;;;;;;;;;;;;;;;;;;;;;;;;;;;;;;;;;;;;;;;;;;;;;;;;;;;;;;;;;;;;;;;;;;;;;;;;;;01/07/2025 0:00;15;;;s3://naturgy-dlakeufd-pro/landing/ESIR_SCADA/GRID_CONTADORES/2025/07/21/grid_contadores_2025_07_21.gz;1753056000;I
2438763;22/07/2025 7:38;;19CQ33;;;;ZIV0004424921;;49662447;;;;ES0022000000050273PM1P;7134039;;;ORB0000621475;;12/12/2024;;1.19.02;1.19.02;;;08/12/2024;;;;;;;;;;;;;;;;;;;;;;;;;12/12/2024;;;;;;;;;;1;;A;;;;;;;;;;;;;;;;;;;;;;;;;;;;;;;;;;;;;;;;;;;;;;;;;;;;;;;;;;;;;;;;;;;;;;;;;;;;;;;;;;;;;;;;;;;SI;;;;;;;;;;;;;;;;;;;;;;;;;;;;;;;;;;;;;;;;;;;;;;;;;;;;;;;;;;;;;;;;;;;;;;;;;;;;;;;;;;;;;;;;;;01/06/2025 0:00;15;;;s3://naturgy-dlakeufd-pro/landing/ESIR_SCADA/GRID_CONTADORES/2025/07/21/grid_contadores_2025_07_21.gz;1753056000;I
1252082;22/07/2025 7:38;;19A033;;;;ZIV0004330998;;49662447;;;;ES0022000000050798PR1P;5459088;;;ZIV0042676045;;12/12/2024;;1.19.02;1.19.02;;;08/12/2024;;;;;;;;;;;;;;;;;;;;;;;;;12/12/2024;;;;;;;;;;1;;A;;;;;;;;;;;;;;;;;;;;;;;;;;;;;;;;;;;;;;;;;;;;;;;;;;;;;;;;;;;;;;;;;;;;;;;;;;;;;;;;;;;;;;;;;;;SI;;;;;;;;;;;;;;;;;;;;;;;;;;;;;;;;;;;;;;;;;;;;;;;;;;;;;;;;;;;;;;;;;;;;;;;;;;;;;;;;;;;;;;;;;;01/07/2025 0:00;2017;;;s3://naturgy-dlakeufd-pro/landing/ESIR_SCADA/GRID_CONTADORES/2025/07/21/grid_contadores_2025_07_21.gz;1753056000;I
2946678;22/07/2025 7:38;;28SW27;;;;ZIV0004316264;;49662447;;;;ES0022000000050801PG1P;7719436;;;SOG0940110489;;12/12/2024;;1.19.02;1.19.02;;;08/12/2024;;;;;;;;;;;;;;;;;;;;;;;;;12/12/2024;;;;;;;;;;1;;A;;;;;;;;;;;;;;;;;;;;;;;;;;;;;;;;;;;;;;;;;;;;;;;;;;;;;;;;;;;;;;;;;;;;;;;;;;;;;;;;;;;;;;;;;;;SI;;;;;;;;;;;;;;;;;;;;;;;;;;;;;;;;;;;;;;;;;;;;;;;;;;;;;;;;;;;;;;;;;;;;;;;;;;;;;;;;;;;;;;;;;;01/07/2025 0:00;2014;;;s3://naturgy-dlakeufd-pro/landing/ESIR_SCADA/GRID_CONTADORES/2025/07/21/grid_contadores_2025_07_21.gz;1753056000;I
1172393;22/07/2025 7:38;;24CZ80;;;;ZIV0004312550;;49662447;;;;ES0022000000050806PD1P;5288957;;;ZIV0042358488;;12/12/2024;;1.19.02;1.19.02;;;08/12/2024;;;;;;;;;;;;;;;;;;;;;;;;;12/12/2024;;;;;;;;;;1;;A;;;;;;;;;;;;;;;;;;;;;;;;;;;;;;;;;;;;;;;;;;;;;;;;;;;;;;;;;;;;;;;;;;;;;;;;;;;;;;;;;;;;;;;;;;;SI;;;;;;;;;;;;;;;;;;;;;;;;;;;;;;;;;;;;;;;;;;;;;;;;;;;;;;;;;;;;;;;;;;;;;;;;;;;;;;;;;;;;;;;;;;01/07/2025 0:00;2014;;;s3://naturgy-dlakeufd-pro/landing/ESIR_SCADA/GRID_CONTADORES/2025/07/21/grid_contadores_2025_07_21.gz;1753056000;I
1849101;22/07/2025 7:38;;28S648;;;;ZIV0004337126;;49662447;;;;ES0022000000050821DR1P;6332867;;;ZIV0042709178;;12/12/2024;;1.19.02;1.19.02;;;08/12/2024;;;;;;;;;;;;;;;;;;;;;;;;;12/12/2024;;;;;;;;;;1;;A;;;;;;;;;;;;;;;;;;;;;;;;;;;;;;;;;;;;;;;;;;;;;;;;;;;;;;;;;;;;;;;;;;;;;;;;;;;;;;;;;;;;;;;;;;;SI;;;;;;;;;;;;;;;;;;;;;;;;;;;;;;;;;;;;;;;;;;;;;;;;;;;;;;;;;;;;;;;;;;;;;;;;;;;;;;;;;;;;;;;;;;01/06/2025 0:00;;;;s3://naturgy-dlakeufd-pro/landing/ESIR_SCADA/GRID_CONTADORES/2025/07/21/grid_contadores_2025_07_21.gz;1753056000;I
3447193;22/07/2025 7:38;;28SBYW;;;;ZIV0004323824;;49662447;;;;ES0022000000050822DW1P;8324730;;;SOG0100050906;;12/12/2024;;1.19.02;1.19.02;;;08/12/2024;;;;;;;;;;;;;;;;;;;;;;;;;12/12/2024;;;;;;;;;;1;;A;;;;;;;;;;;;;;;;;;;;;;;;;;;;;;;;;;;;;;;;;;;;;;;;;;;;;;;;;;;;;;;;;;;;;;;;;;;;;;;;;;;;;;;;;;;SI;;;;;;;;;;;;;;;;;;;;;;;;;;;;;;;;;;;;;;;;;;;;;;;;;;;;;;;;;;;;;;;;;;;;;;;;;;;;;;;;;;;;;;;;;;01/07/2025 0:00;15;;;s3://naturgy-dlakeufd-pro/landing/ESIR_SCADA/GRID_CONTADORES/2025/07/21/grid_contadores_2025_07_21.gz;1753056000;I
1577173;22/07/2025 7:38;;15XLD8;;;;ZIV0000034896;;49662447;;;;ES0022000000050825DM1P;5932520;;;ELS0032014920;;;;;;;;;;;08/12/2024;;;;;;;;;;;;;;;;;;;;;;;;;12/12/2024;;;;;;;;;;1;;A;;;;;;;;;;;;;;;;;;;;;;;;;;;;;;;;;;;;;;;;;;;;;;;;;;;;;;;;;;;;;;;;;;;;;;;;;;;;;;;;;;;;;;;;;;;SI;;;;;;;;;;;;;;;;;;;;;;;;;;;;;;;;;;;;;;;;;;;;;;;;;;;;;;;;;;;;;;;;;;;;;;;;;;;;;;;;;;;;;;;01/07/2025 0:00;2015;;;s3://naturgy-dlakeufd-pro/landing/ESIR_SCADA/GRID_CONTADORES/2025/07/21/grid_contadores_2025_07_21.gz;1753056000;I
1177543;22/07/2025 7:38;;24C680;;;;ZIV0000034873;;49701347;;;;ES0022000000050836DQ1P;5295452;;;SOG0040101535;;12/12/2024;;1.19.02;1.19.02;;;08/12/2024;;;;;;;;;;;;;;;;;;;;;;;;;12/12/2024;;;;;;;;;;1;;A;;;;;;;;;;;;;;;;;;;;;;;;;;;;;;;;;;;;;;;;;;;;;;;;;;;;;;;;;;;;;;;;;;;;;;;;;;;;;;;;;;;;;;;;;;;SI;;;;;;;;;;;;;;;;;;;;;;;;;;;;;;;;;;;;;;;;;;;;;;;;;;;;;;;;;;;;;;;;;;;;;;;;;;;;;;;;;;;;;;;;;;01/07/2025 0:00;15;;;s3://naturgy-dlakeufd-pro/landing/ESIR_SCADA/GRID_CONTADORES/2025/07/21/grid_contadores_2025_07_21.gz;1753056000;I
503857;22/07/2025 7:38;;36S416;;;;ZIV0004417757;;49701347;;;;ES0022000000050877BB1P;4575851;;;ZIV0035246024;;12/12/2024;;1.19.02;1.19.02;;;08/12/2024;;;;;;;;;;;;;;;;;;;;;;;;;12/12/2024;;;;;;;;;;1;;A;;;;;;;;;;;;;;;;;;;;;;;;;;;;;;;;;;;;;;;;;;;;;;;;;;;;;;;;;;;;;;;;;;;;;;;;;;;;;;;;;;;;;;;;;;;SI;;;;;;;;;;;;;;;;;;;;;;;;;;;;;;;;;;;;;;;;;;;;;;;;;;;;;;;;;;;;;;;;;;;;;;;;;;;;;;;;;;;;;;;;;;01/08/2024 0:00;2017;;;s3://naturgy-dlakeufd-pro/landing/ESIR_SCADA/GRID_CONTADORES/2025/07/21/grid_contadores_2025_07_21.gz;1753056000;I
3807556;22/07/2025 7:38;;45CLJ9;;;;ZIV0004424979;;49701347;;;;ES0022000000050890NR1P;8792684;;;SAG0175604573;;12/12/2024;;1.19.02;1.19.02;;;08/12/2024;;;;;;;;;;;;;;;;;;;;;;;;;12/12/2024;;;;;;;;;;1;;A;;;;;;;;;;;;;;;;;;;;;;;;;;;;;;;;;;;;;;;;;;;;;;;;;;;;;;;;;;;;;;;;;;;;;;;;;;;;;;;;;;;;;;;;;;;SI;;;;;;;;;;;;;;;;;;;;;;;;;;;;;;;;;;;;;;;;;;;;;;;;;;;;;;;;;;;;;;;;;;;;;;;;;;;;;;;;;;;;;;;;;;01/07/2025 0:00;2018;;;s3://naturgy-dlakeufd-pro/landing/ESIR_SCADA/GRID_CONTADORES/2025/07/21/grid_contadores_2025_07_21.gz;1753056000;I
694628;22/07/2025 7:38;;32AM97;;;;ZIV0004425089;;49701347;;;;ES0022000000050899NX1P;4788828;;;ITE0131405970;;12/12/2024;;1.19.02;1.19.02;;;08/12/2024;;;;;;;;;;;;;;;;;;;;;;;;;12/12/2024;;;;;;;;;;1;;A;;;;;;;;;;;;;;;;;;;;;;;;;;;;;;;;;;;;;;;;;;;;;;;;;;;;;;;;;;;;;;;;;;;;;;;;;;;;;;;;;;;;;;;;;;;SI;;;;;;;;;;;;;;;;;;;;;;;;;;;;;;;;;;;;;;;;;;;;;;;;;;;;;;;;;;;;;;;;;;;;;;;;;;;;;;;;;;;;;;;;;;01/07/2025 0:00;2018;;;s3://naturgy-dlakeufd-pro/landing/ESIR_SCADA/GRID_CONTADORES/2025/07/21/grid_contadores_2025_07_21.gz;1753056000;I
1189133;22/07/2025 7:38;;45SJW2;;;;ZIV0004323714;;49701347;;;;ES0022000000050912JT1P;5512667;;;ZIV0043913846;;12/12/2024;;1.19.02;1.19.02;;;08/12/2024;;;;;;;;;;;;;;;;;;;;;;;;;12/12/2024;;;;;;;;;;1;;A;;;;;;;;;;;;;;;;;;;;;;;;;;;;;;;;;;;;;;;;;;;;;;;;;;;;;;;;;;;;;;;;;;;;;;;;;;;;;;;;;;;;;;;;;;;SI;;;;;;;;;;;;;;;;;;;;;;;;;;;;;;;;;;;;;;;;;;;;;;;;;;;;;;;;;;;;;;;;;;;;;;;;;;;;;;;;;;;;;;;;;;01/07/2025 0:00;2016;;;s3://naturgy-dlakeufd-pro/landing/ESIR_SCADA/GRID_CONTADORES/2025/07/21/grid_contadores_2025_07_21.gz;1753056000;I
1238812;22/07/2025 7:38;;24C669;;;;ZIV0000036297;;49701347;;;;ES0022000000050914JW1P;5339499;;;ZIV0042499448;;12/12/2024;;1.19.02;1.19.02;;;08/12/2024;;;;;;;;;;;;;;;;;;;;;;;;;12/12/2024;;;;;;;;;;1;;A;;;;;;;;;;;;;;;;;;;;;;;;;;;;;;;;;;;;;;;;;;;;;;;;;;;;;;;;;;;;;;;;;;;;;;;;;;;;;;;;;;;;;;;;;;;SI;;;;;;;;;;;;;;;;;;;;;;;;;;;;;;;;;;;;;;;;;;;;;;;;;;;;;;;;;;;;;;;;;;;;;;;;;;;;;;;;;;;;;;;;;;01/07/2025 0:00;2017;;;s3://naturgy-dlakeufd-pro/landing/ESIR_SCADA/GRID_CONTADORES/2025/07/21/grid_contadores_2025_07_21.gz;1753056000;I
2302086;22/07/2025 7:38;;49C471;;;;ZIV0004316824;;49701347;;;;ES0022000000050921JD1P;7071868;;;ZIV0040150722;;12/12/2024;;1.19.02;1.19.02;;;08/12/2024;;;;;;;;;;;;;;;;;;;;;;;;;12/12/2024;;;;;;;;;;1;;A;;;;;;;;;;;;;;;;;;;;;;;;;;;;;;;;;;;;;;;;;;;;;;;;;;;;;;;;;;;;;;;;;;;;;;;;;;;;;;;;;;;;;;;;;;;SI;;;;;;;;;;;;;;;;;;;;;;;;;;;;;;;;;;;;;;;;;;;;;;;;;;;;;;;;;;;;;;;;;;;;;;;;;;;;;;;;;;;;;;;;;;01/07/2025 0:00;16;;;s3://naturgy-dlakeufd-pro/landing/ESIR_SCADA/GRID_CONTADORES/2025/07/21/grid_contadores_2025_07_21.gz;1753056000;I
2353131;22/07/2025 7:38;;32CN59;;;;ZIV0004327572;;49701347;;;;ES0022000000050921JD1P;7040341;;;ELS0032017174;;12/12/2024;;1.19.02;1.19.02;;;08/12/2024;;;;;;;;;;;;;;;;;;;;;;;;;12/12/2024;;;;;;;;;;1;;A;;;;;;;;;;;;;;;;;;;;;;;;;;;;;;;;;;;;;;;;;;;;;;;;;;;;;;;;;;;;;;;;;;;;;;;;;;;;;;;;;;;;;;;;;;;SI;;;;;;;;;;;;;;;;;;;;;;;;;;;;;;;;;;;;;;;;;;;;;;;;;;;;;;;;;;;;;;;;;;;;;;;;;;;;;;;;;;;;;;;;;;01/07/2025 0:00;2013;;;s3://naturgy-dlakeufd-pro/landing/ESIR_SCADA/GRID_CONTADORES/2025/07/21/grid_contadores_2025_07_21.gz;1753056000;I
278867;22/07/2025 7:38;;15CP76;;;;ZIV0004323625;;49701347;;;;ES0022000000050921JD1P;4288779;;;ZIV0044083822;;;;;;;;;;;08/12/2024;;;;;;;;;;;;;;;;;;;;;;;;;12/12/2024;;;;;;;;;;1;;A;;;;;;;;;;;;;;;;;;;;;;;;;;;;;;;;;;;;;;;;;;;;;;;;;;;;;;;;;;;;;;;;;;;;;;;;;;;;;;;;;;;;;;;;;;;SI;;;;;;;;;;;;;;;;;;;;;;;;;;;;;;;;;;;;;;;;;;;;;;;;;;;;;;;;;;;;;;;;;;;;;;;;;;;;;;;;;;;;;;;01/07/2025 0:00;2015;;;s3://naturgy-dlakeufd-pro/landing/ESIR_SCADA/GRID_CONTADORES/2025/07/21/grid_contadores_2025_07_21.gz;1753056000;I
2643027;22/07/2025 7:38;;36CFS0;;;;ZIV0004312522;;;49710647;;;ES0022000000050921JD1P;7358733;;;SOG0940081659;;;12/12/2024;;1.19.02;1.19.02;;;08/12/2024;;;;;;;;;;;;;;;;;;;;;;;12/12/2024;;;;;;;;;;1;;A;;;;;;;;;;;;;;;;;;;;;;;;;;;;;;;;;;;;;;;;;;;;;;;;;;;;;;;;;;;;;;;;;;;;;;;;;;;;;;;;;;;;;;;;;;;;;;SI;;;;;;;;;;;;;;;;;;;;;;;;;;;;;;;;;;;;;;;;;;;;;;;;;;;;;;;;;;;;;;;;;;;;;;;;;;;;;;;;;;;;;;;;01/07/2025 0:00;16;;;s3://naturgy-dlakeufd-pro/landing/ESIR_SCADA/GRID_CONTADORES/2025/07/21/grid_contadores_2025_07_21.gz;1753056000;I
2147911;22/07/2025 7:38;;28CB50;;;;ZIV0004310670;;49710647;;;;ES0022000000050922JX1P;6674677;;;SAG0146435247;;12/12/2024;;1.19.02;1.19.02;;;08/12/2024;;;;;;;;;;;;;;;;;;;;;;;;12/12/2024;;;;;;;;;;1;;A;;;;;;;;;;;;;;;;;;;;;;;;;;;;;;;;;;;;;;;;;;;;;;;;;;;;;;;;;;;;;;;;;;;;;;;;;;;;;;;;;;;;;;;;;;;SI;;;;;;;;;;;;;;;;;;;;;;;;;;;;;;;;;;;;;;;;;;;;;;;;;;;;;;;;;;;;;;;;;;;;;;;;;;;;;;;;;;;;;;;;;;;01/07/2025 0:00;2015;;;s3://naturgy-dlakeufd-pro/landing/ESIR_SCADA/GRID_CONTADORES/2025/07/21/grid_contadores_2025_07_21.gz;1753056000;I
3252942;22/07/2025 7:38;;28SXS1;;;;ZIV0004324367;;49710647;;;;ES0022000000050939ZG1P;8126291;;;ZIV0040989968;;12/12/2024;;1.19.02;1.19.02;;;08/12/2024;;;;;;;;;;;;;;;;;;;;;;;;12/12/2024;;;;;;;;;;1;;A;;;;;;;;;;;;;;;;;;;;;;;;;;;;;;;;;;;;;;;;;;;;;;;;;;;;;;;;;;;;;;;;;;;;;;;;;;;;;;;;;;;;;;;;;;;SI;;;;;;;;;;;;;;;;;;;;;;;;;;;;;;;;;;;;;;;;;;;;;;;;;;;;;;;;;;;;;;;;;;;;;;;;;;;;;;;;;;;;;;;;;;;01/07/2025 0:00;22;;;s3://naturgy-dlakeufd-pro/landing/ESIR_SCADA/GRID_CONTADORES/2025/07/21/grid_contadores_2025_07_21.gz;1753056000;I
349832;22/07/2025 7:38;;15CHLR;;;;ZIV0004310702;;49710647;;;;ES0022000000051517QF1P;4376579;;;ZIV0044249904;;12/12/2024;;1.19.02;1.19.02;;;08/12/2024;;;;;;;;;;;;;;;;;;;;;;;;12/12/2024;;;;;;;;;;1;;A;;;;;;;;;;;;;;;;;;;;;;;;;;;;;;;;;;;;;;;;;;;;;;;;;;;;;;;;;;;;;;;;;;;;;;;;;;;;;;;;;;;;;;;;;;;SI;;;;;;;;;;;;;;;;;;;;;;;;;;;;;;;;;;;;;;;;;;;;;;;;;;;;;;;;;;;;;;;;;;;;;;;;;;;;;;;;;;;;;;;;;;;01/07/2025 0:00;2013;;;s3://naturgy-dlakeufd-pro/landing/ESIR_SCADA/GRID_CONTADORES/2025/07/21/grid_contadores_2025_07_21.gz;1753056000;I
1125688;22/07/2025 7:38;;40CA79;;;;ZIV0004323682;;49710647;;;;ES0022000000051517QF1P;5276741;;;SAG0115241128;;12/12/2024;;1.19.02;1.19.02;;;08/12/2024;;;;;;;;;;;;;;;;;;;;;;;;12/12/2024;;;;;;;;;;1;;A;;;;;;;;;;;;;;;;;;;;;;;;;;;;;;;;;;;;;;;;;;;;;;;;;;;;;;;;;;;;;;;;;;;;;;;;;;;;;;;;;;;;;;;;;;;SI;;;;;;;;;;;;;;;;;;;;;;;;;;;;;;;;;;;;;;;;;;;;;;;;;;;;;;;;;;;;;;;;;;;;;;;;;;;;;;;;;;;;;;;;;;;01/07/2025 0:00;2015;;;s3://naturgy-dlakeufd-pro/landing/ESIR_SCADA/GRID_CONTADORES/2025/07/21/grid_contadores_2025_07_21.gz;1753056000;I
2813084;22/07/2025 7:38;;15CFC7;;;;ZIV0004330749;;49710647;;;;ES0022000000051577HK1P;7611733;;;SAG0175602048;;12/12/2024;;1.19.02;1.19.02;;;08/12/2024;;;;;;;;;;;;;;;;;;;;;;;;12/12/2024;;;;;;;;;;1;;A;;;;;;;;;;;;;;;;;;;;;;;;;;;;;;;;;;;;;;;;;;;;;;;;;;;;;;;;;;;;;;;;;;;;;;;;;;;;;;;;;;;;;;;;;;;SI;;;;;;;;;;;;;;;;;;;;;;;;;;;;;;;;;;;;;;;;;;;;;;;;;;;;;;;;;;;;;;;;;;;;;;;;;;;;;;;;;;;;;;;;;;;01/07/2025 0:00;2015;;;s3://naturgy-dlakeufd-pro/landing/ESIR_SCADA/GRID_CONTADORES/2025/07/21/grid_contadores_2025_07_21.gz;1753056000;I
45813664;22/07/2025 7:38;;;;;;ZIV0004424790;;49710647;;;;ES0022000000055872KS1P;1489324;;;ZIV0041023717;;12/12/2024;;1.19.02;1.19.02;;;08/12/2024;;;;;;;;;;;;;;;;;;;;;;;;12/12/2024;;;;;;;;;;1;;A;;;;;;;;;;;;;;;;;;;;;;;;;;;;;;;;;;;;;;;;;;;;;;;;;;;;;;;;;;;;;;;;;;;;;;;;;;;;;;;;;;;;;;;;;;;SI;;;;;;;;;;;;;;;;;;;;;;;;;;;;;;;;;;;;;;;;;;;;;;;;;;;;;;;;;;;;;;;;;;;;;;;;;;;;;;;;;;;;;;;;;;;01/07/2025 0:00;11;;;s3://naturgy-dlakeufd-pro/landing/ESIR_SCADA/GRID_CONTADORES/2025/07/21/grid_contadores_2025_07_21.gz;1753056000;I
1749331;22/07/2025 7:38;;28C236;;;;ZIV0004327639;;49710647;;;;ES0022000000055873KQ1P;6161597;;;ZIV0048610750;;12/12/2024;;1.19.02;1.19.02;;;08/12/2024;;;;;;;;;;;;;;;;;;;;;;;;12/12/2024;;;;;;;;;;1;;A;;;;;;;;;;;;;;;;;;;;;;;;;;;;;;;;;;;;;;;;;;;;;;;;;;;;;;;;;;;;;;;;;;;;;;;;;;;;;;;;;;;;;;;;;;;SI;;;;;;;;;;;;;;;;;;;;;;;;;;;;;;;;;;;;;;;;;;;;;;;;;;;;;;;;;;;;;;;;;;;;;;;;;;;;;;;;;;;;;;;;;;;;;;;s3://naturgy-dlakeufd-pro/landing/ESIR_SCADA/GRID_CONTADORES/2025/07/21/grid_contadores_2025_07_21.gz;1753056000;I
824366;22/07/2025 7:38;;27AW78;;;;ZIV0004316754;;49710647;;;;ES0022000000055922TL1P;4896405;;;ZIV0040107390;;;;;;;;;;;08/12/2024;;;;;;;;;;;;;;;;;;;;;;;;12/12/2024;;;;;;;;;;1;;A;;;;;;;;;;;;;;;;;;;;;;;;;;;;;;;;;;;;;;;;;;;;;;;;;;;;;;;;;;;;;;;;;;;;;;;;;;;;;;;;;;;;;;;;;;;SI;;;;;;;;;;;;;;;;;;;;;;;;;;;;;;;;;;;;;;;;;;;;;;;;;;;;;;;;;;;;;;;;;;;;;;;;;;;;;;;;;;;;;;;;01/07/2025 0:00;15;;;s3://naturgy-dlakeufd-pro/landing/ESIR_SCADA/GRID_CONTADORES/2025/07/21/grid_contadores_2025_07_21.gz;1753056000;I
1053237;22/07/2025 7:38;;13C099;;;;ZIV0000034866;;49699457;;;;ES0022000000055950WR1P;5151146;;;SAG0195802937;;12/12/2024;;1.19.02;1.19.02;;;08/12/2024;;;;;;;;;;;;;;;;;;;;;;;;;12/12/2024;;;;;;;;;;1;;A;;;;;;;;;;;;;;;;;;;;;;;;;;;;;;;;;;;;;;;;;;;;;;;;;;;;;;;;;;;;;;;;;;;;;;;;;;;;;;;;;;;;;;;;;;;SI;;;;;;;;;;;;;;;;;;;;;;;;;;;;;;;;;;;;;;;;;;;;;;;;;;;;;;;;;;;;;;;;;;;;;;;;;;;;;;;;;;;;;;;;;;01/07/2025 0:00;15;;;s3://naturgy-dlakeufd-pro/landing/ESIR_SCADA/GRID_CONTADORES/2025/07/21/grid_contadores_2025_07_21.gz;1753056000;I
1603642;22/07/2025 7:38;;28SP98;;;;ZIV0004316787;;49699457;;;;ES0022000000056062YK1P;6046520;;;SAG0195802937;;12/12/2024;;1.19.02;1.19.02;;;08/12/2024;;;;;;;;;;;;;;;;;;;;;;;;;12/12/2024;;;;;;;;;;1;;A;;;;;;;;;;;;;;;;;;;;;;;;;;;;;;;;;;;;;;;;;;;;;;;;;;;;;;;;;;;;;;;;;;;;;;;;;;;;;;;;;;;;;;;;;;;SI;;;;;;;;;;;;;;;;;;;;;;;;;;;;;;;;;;;;;;;;;;;;;;;;;;;;;;;;;;;;;;;;;;;;;;;;;;;;;;;;;;;;;;;;;;01/07/2025 0:00;2016;;;s3://naturgy-dlakeufd-pro/landing/ESIR_SCADA/GRID_CONTADORES/2025/07/21/grid_contadores_2025_07_21.gz;1753056000;I
4103959;22/07/2025 7:38;;45CNZ9;;;;ZIV0004312466;;49699457;;;;ES0022000000072911AB1P;9102952;;;SAG0195802937;;12/12/2024;;1.19.02;1.19.02;;;08/12/2024;;;;;;;;;;;;;;;;;;;;;;;;;12/12/2024;;;;;;;;;;1;;A;;;;;;;;;;;;;;;;;;;;;;;;;;;;;;;;;;;;;;;;;;;;;;;;;;;;;;;;;;;;;;;;;;;;;;;;;;;;;;;;;;;;;;;;;;;SI;;;;;;;;;;;;;;;;;;;;;;;;;;;;;;;;;;;;;;;;;;;;;;;;;;;;;;;;;;;;;;;;;;;;;;;;;;;;;;;;;;;;;;;;;;01/07/2025 0:00;2019;;;s3://naturgy-dlakeufd-pro/landing/ESIR_SCADA/GRID_CONTADORES/2025/07/21/grid_contadores_2025_07_21.gz;1753056000;I
4071247;22/07/2025 7:38;;;;;;ZIV0004425120;;49699457;;;;ES0022000000073188SN1P;9079953;;;ZIV0042627271;;12/12/2024;;1.19.02;1.19.02;;;08/12/2024;;;;;;;;;;;;;;;;;;;;;;;;;12/12/2024;;;;;;;;;;1;;A;;;;;;;;;;;;;;;;;;;;;;;;;;;;;;;;;;;;;;;;;;;;;;;;;;;;;;;;;;;;;;;;;;;;;;;;;;;;;;;;;;;;;;;;;;;SI;;;;;;;;;;;;;;;;;;;;;;;;;;;;;;;;;;;;;;;;;;;;;;;;;;;;;;;;;;;;;;;;;;;;;;;;;;;;;;;;;;;;;;;;;;01/07/2025 0:00;2016;;;s3://naturgy-dlakeufd-pro/landing/ESIR_SCADA/GRID_CONTADORES/2025/07/21/grid_contadores_2025_07_21.gz;1753056000;I
2132569;22/07/2025 7:38;;28C023;;;;ZIV0004323871;;49699457;;;;ES0022000000073987GY1P;6587159;;;ZIV0043953596;;12/12/2024;;1.19.02;1.19.02;;;08/12/2024;;;;;;;;;;;;;;;;;;;;;;;;;12/12/2024;;;;;;;;;;1;;A;;;;;;;;;;;;;;;;;;;;;;;;;;;;;;;;;;;;;;;;;;;;;;;;;;;;;;;;;;;;;;;;;;;;;;;;;;;;;;;;;;;;;;;;;;;SI;;;;;;;;;;;;;;;;;;;;;;;;;;;;;;;;;;;;;;;;;;;;;;;;;;;;;;;;;;;;;;;;;;;;;;;;;;;;;;;;;;;;;;;;;;;;;;s3://naturgy-dlakeufd-pro/landing/ESIR_SCADA/GRID_CONTADORES/2025/07/21/grid_contadores_2025_07_21.gz;1753056000;I
45799435;22/07/2025 7:38;;;;;;ZIV0004404320;;49699457;;;;ES0022000000074330LG1P;1462268;;;SAG0165576974;;12/12/2024;;1.19.02;1.19.02;;;08/12/2024;;;;;;;;;;;;;;;;;;;;;;;;;12/12/2024;;;;;;;;;;1;;A;;;;;;;;;;;;;;;;;;;;;;;;;;;;;;;;;;;;;;;;;;;;;;;;;;;;;;;;;;;;;;;;;;;;;;;;;;;;;;;;;;;;;;;;;;;SI;;;;;;;;;;;;;;;;;;;;;;;;;;;;;;;;;;;;;;;;;;;;;;;;;;;;;;;;;;;;;;;;;;;;;;;;;;;;;;;;;;;;;;;;;;01/07/2025 0:00;2015;;;s3://naturgy-dlakeufd-pro/landing/ESIR_SCADA/GRID_CONTADORES/2025/07/21/grid_contadores_2025_07_21.gz;1753056000;I
725565;22/07/2025 7:38;;32AS00;;;;CIR4621609016;;49699457;;;;ES0022000000074799QJ1P;4860009;;;SOG0040033229;;12/12/2024;;1.19.02;1.19.02;;;08/12/2024;;;;;;;;;;;;;;;;;;;;;;;;;12/12/2024;;;;;;;;;;1;;A;;;;;;;;;;;;;;;;;;;;;;;;;;;;;;;;;;;;;;;;;;;;;;;;;;;;;;;;;;;;;;;;;;;;;;;;;;;;;;;;;;;;;;;;;;;SI;;;;;;;;;;;;;;;;;;;;;;;;;;;;;;;;;;;;;;;;;;;;;;;;;;;;;;;;;;;;;;;;;;;;;;;;;;;;;;;;;;;;;;;;;;;;;;s3://naturgy-dlakeufd-pro/landing/ESIR_SCADA/GRID_CONTADORES/2025/07/21/grid_contadores_2025_07_21.gz;1753056000;I
3566302;22/07/2025 7:38;;27C051;;;;ZIV0004312500;;49699457;;;;ES0022000000075065MA1P;8508137;;;SAG0155453965;;12/12/2024;;1.19.02;1.19.02;;;08/12/2024;;;;;;;;;;;;;;;;;;;;;;;;;12/12/2024;;;;;;;;;;1;;A;;;;;;;;;;;;;;;;;;;;;;;;;;;;;;;;;;;;;;;;;;;;;;;;;;;;;;;;;;;;;;;;;;;;;;;;;;;;;;;;;;;;;;;;;;;SI;;;;;;;;;;;;;;;;;;;;;;;;;;;;;;;;;;;;;;;;;;;;;;;;;;;;;;;;;;;;;;;;;;;;;;;;;;;;;;;;;;;;;;;;;;01/07/2025 0:00;2014;;;s3://naturgy-dlakeufd-pro/landing/ESIR_SCADA/GRID_CONTADORES/2025/07/21/grid_contadores_2025_07_21.gz;1753056000;I
45718012;22/07/2025 7:38;;28CRZ0;;;;ZIV0004310933;;49699457;;;;ES0022000000076142ME1P;1310018;;;CIR2081349030;;;;;;;;;;;08/12/2024;;;;;;;;;;;;;;;;;;;;;;;;;12/12/2024;;;;;;;;;;1;;A;;;;;;;;;;;;;;;;;;;;;;;;;;;;;;;;;;;;;;;;;;;;;;;;;;;;;;;;;;;;;;;;;;;;;;;;;;;;;;;;;;;;;;;;;;;SI;;;;;;;;;;;;;;;;;;;;;;;;;;;;;;;;;;;;;;;;;;;;;;;;;;;;;;;;;;;;;;;;;;;;;;;;;;;;;;;;;;;;;;;01/07/2025 0:00;2014;;;s3://naturgy-dlakeufd-pro/landing/ESIR_SCADA/GRID_CONTADORES/2025/07/21/grid_contadores_2025_07_21.gz;1753056000;I
3961250;22/07/2025 7:38;;28CNPY;;;;ZIV0004323601;;49711247;;;;ES0022000000076410VZ1P;8858345;;;ZIV0042538223;;12/12/2024;;1.19.02;1.19.02;;;08/12/2024;;;;;;;;;;;;;;;;;;;;;;;;;12/12/2024;;;;;;;;;;1;;A;;;;;;;;;;;;;;;;;;;;;;;;;;;;;;;;;;;;;;;;;;;;;;;;;;;;;;;;;;;;;;;;;;;;;;;;;;;;;;;;;;;;;;;;;;;SI;;;;;;;;;;;;;;;;;;;;;;;;;;;;;;;;;;;;;;;;;;;;;;;;;;;;;;;;;;;;;;;;;;;;;;;;;;;;;;;;;;;;;;;;;;01/06/2025 0:00;21;;;s3://naturgy-dlakeufd-pro/landing/ESIR_SCADA/GRID_CONTADORES/2025/07/21/grid_contadores_2025_07_21.gz;1753056000;I
2202430;22/07/2025 7:38;;28CNPY;;;;ZIV0004330749;;49711247;;;;ES0022000000077709MW1P;6654046;;;SAG0155461079;;12/12/2024;;1.19.02;1.19.02;;;08/12/2024;;;;;;;;;;;;;;;;;;;;;;;;;12/12/2024;;;;;;;;;;1;;A;;;;;;;;;;;;;;;;;;;;;;;;;;;;;;;;;;;;;;;;;;;;;;;;;;;;;;;;;;;;;;;;;;;;;;;;;;;;;;;;;;;;;;;;;;;SI;;;;;;;;;;;;;;;;;;;;;;;;;;;;;;;;;;;;;;;;;;;;;;;;;;;;;;;;;;;;;;;;;;;;;;;;;;;;;;;;;;;;;;;;;;01/07/2025 0:00;2017;;;s3://naturgy-dlakeufd-pro/landing/ESIR_SCADA/GRID_CONTADORES/2025/07/21/grid_contadores_2025_07_21.gz;1753056000;I
2202430;22/07/2025 7:38;;28CNPY;;;;ZIV0004354502;;49711247;;;;ES0022000000077859BZ1P;6654046;;;ZIV0036345448;;12/12/2024;;1.19.02;1.19.02;;;08/12/2024;;;;;;;;;;;;;;;;;;;;;;;;;;;;;;;;;;;;;;;;;;;;;;;;;;;;;;;;;;;;;;;;;;;;;;;;;;;;;;;;;;;;;;;;;;;;;;;;;;;;;;;;;;;;;;;;;;;;;;;;;;;;;;;;;;;;;;;;;;;;;;;;;;;;;;;;;;;;;;;;;;;;;;;;;;;;;;;;;;;;;;;;;;;;;;;;;;;;;;;;;;;;;;;;;;;;;;;;;;01/07/2025 0:00;2017;;;s3://naturgy-dlakeufd-pro/landing/ESIR_SCADA/GRID_CONTADORES/2025/07/21/grid_contadores_2025_07_21.gz;1753056000;I
